Gene	Position_from_stop_codon	POT1_ccdB_1	POT1_ccdB_2	pRPS3_tRPS3_WT_1	pRPS3_tRPS3_WT_2	pRPS3_tRPS3_mod_NNN_1	pRPS3_tRPS3_mod_NNN_2	pRPS3_tRPS3_mod_NTN_1	pRPS3_tRPS3_mod_NTN_2	pRPS3_tRPS3_mod_NAA_1	pRPS3_tRPS3_mod_NAA_2	pRPS3_tRPS3_mod_NGG_1	pRPS3_tRPS3_mod_NGG_2	pRPS3_tRPS3_mod_HNH_1	pRPS3_tRPS3_mod_HNH_2	pRPS3_tRPS3_mod_HTH_1
PGK1	1	0	0	0	0	0	0	0	0	0	0	0	0	0	NA	0
PGK1	2	0	0	0	0	0	0	0	0	0	0	0	0	0	NA	0
PGK1	3	1	0	0	0	0	0	0	0	0	0	0	0	0	NA	0
PGK1	4	0	1	0	0	0	0	1	0	0	0	2	0	0	NA	0
PGK1	5	0	0	0	0	0	0	0	0	0	0	0	0	0	NA	0
PGK1	6	0	0	0	0	0	0	0	0	0	0	0	0	0	NA	0
PGK1	7	0	0	0	0	0	0	0	0	0	0	0	0	1	NA	0
PGK1	8	0	0	0	0	0	0	0	0	0	0	0	0	0	NA	0
PGK1	9	2	0	2	0	0	1	1	0	1	0	0	0	0	NA	0
PGK1	10	0	0	0	0	0	0	0	0	0	0	0	0	0	NA	0
PGK1	11	0	0	0	0	0	0	0	0	0	0	0	0	0	NA	0
PGK1	12	0	0	0	0	0	0	0	0	0	0	0	0	0	NA	0
PGK1	13	0	0	0	0	0	0	0	0	0	1	0	0	0	NA	1
PGK1	14	1	0	0	0	0	0	0	0	0	0	0	0	0	NA	0
PGK1	15	0	0	0	0	0	0	0	0	0	0	0	0	0	NA	0
PGK1	16	0	0	0	0	0	0	0	0	0	0	0	0	0	NA	0
PGK1	17	0	0	0	0	0	0	0	0	0	0	0	0	0	NA	0
PGK1	18	0	0	0	0	0	0	0	0	0	0	0	0	0	NA	0
PGK1	19	0	0	0	0	0	0	0	0	0	0	0	0	0	NA	0
PGK1	20	1	0	0	0	0	0	0	0	0	0	0	0	0	NA	0
PGK1	21	0	0	0	0	0	0	0	0	0	0	0	0	0	NA	0
PGK1	22	0	0	0	0	0	0	0	1	0	0	0	0	0	NA	0
PGK1	23	0	0	0	0	0	0	0	0	0	0	0	0	0	NA	0
PGK1	24	0	0	0	0	0	0	0	0	0	0	0	0	0	NA	0
PGK1	25	0	0	0	1	0	0	0	0	0	1	0	0	0	NA	0
PGK1	26	0	0	0	0	0	0	0	0	0	0	0	0	0	NA	0
PGK1	27	0	0	0	1	0	0	0	0	1	1	0	0	0	NA	0
PGK1	28	0	0	0	0	0	0	0	0	0	0	0	0	0	NA	0
PGK1	29	0	0	0	0	0	0	0	0	0	0	0	0	0	NA	0
PGK1	30	0	0	0	0	0	0	0	0	0	0	0	0	0	NA	0
PGK1	31	0	0	0	0	0	0	0	0	0	0	0	0	0	NA	0
PGK1	32	0	0	0	0	0	0	0	0	0	0	0	0	0	NA	0
PGK1	33	0	0	0	0	0	0	0	0	0	0	0	0	0	NA	0
PGK1	34	0	0	0	0	0	0	0	0	0	0	0	0	0	NA	0
PGK1	35	0	0	0	0	0	0	0	0	0	0	0	0	0	NA	0
PGK1	36	0	0	0	0	0	0	0	0	0	0	0	0	0	NA	0
PGK1	37	0	0	0	0	0	0	0	0	1	1	0	0	0	NA	0
PGK1	38	0	0	0	0	0	0	0	0	0	0	0	0	0	NA	0
PGK1	39	0	0	0	0	0	0	0	0	0	0	0	0	0	NA	0
PGK1	40	0	0	0	0	1	0	0	0	0	0	0	0	0	NA	0
PGK1	41	0	0	0	0	0	0	0	0	0	0	0	0	0	NA	0
PGK1	42	0	0	0	0	0	0	0	0	0	0	0	0	0	NA	0
PGK1	43	0	0	0	0	0	0	0	0	0	0	0	0	0	NA	0
PGK1	44	0	0	0	0	0	1	0	0	0	0	0	0	0	NA	0
PGK1	45	0	0	0	0	0	0	0	0	0	0	0	0	0	NA	0
PGK1	46	0	0	0	0	1	0	0	0	0	0	0	0	0	NA	0
PGK1	47	0	0	0	0	0	0	0	0	0	0	0	0	0	NA	0
PGK1	48	0	0	0	0	0	0	0	0	0	0	0	0	0	NA	0
PGK1	49	0	0	0	0	0	0	0	0	0	0	0	0	0	NA	0
PGK1	50	0	0	0	0	0	0	0	0	0	0	0	0	0	NA	0
PGK1	51	0	0	0	0	0	0	0	0	0	0	0	0	0	NA	0
PGK1	52	0	0	0	0	0	0	0	0	0	0	0	0	0	NA	0
PGK1	53	0	0	0	0	0	0	0	0	0	0	0	0	0	NA	0
PGK1	54	0	0	0	0	0	0	0	0	0	0	0	0	0	NA	0
PGK1	55	0	0	0	0	0	0	0	0	0	0	0	0	0	NA	0
PGK1	56	0	0	0	0	0	0	0	0	0	0	1	0	0	NA	0
PGK1	57	0	0	0	0	0	0	0	0	0	0	0	0	0	NA	0
PGK1	58	0	0	0	0	0	0	0	0	0	0	0	0	0	NA	0
PGK1	59	0	0	0	0	0	0	0	0	0	0	0	0	0	NA	1
PGK1	60	0	0	0	0	1	1	0	0	0	0	0	0	1	NA	1
PGK1	61	0	0	0	0	0	0	0	0	0	0	0	0	0	NA	0
PGK1	62	0	0	0	0	1	0	0	0	0	0	1	0	1	NA	0
PGK1	63	2	1	2	0	0	0	3	2	2	0	2	0	3	NA	2
PGK1	64	0	0	0	0	0	0	0	0	0	0	0	0	0	NA	0
PGK1	65	0	0	0	0	0	0	0	0	0	0	0	0	0	NA	0
PGK1	66	0	0	0	0	0	0	0	0	0	0	0	0	0	NA	0
PGK1	67	0	0	0	0	0	0	0	0	0	0	0	0	0	NA	0
PGK1	68	0	0	0	0	0	0	0	0	0	0	0	0	0	NA	0
PGK1	69	0	0	0	0	0	0	0	0	0	0	0	0	0	NA	0
PGK1	70	0	0	0	0	0	0	0	0	0	0	0	0	0	NA	0
PGK1	71	0	0	0	0	0	0	0	0	0	0	0	0	0	NA	0
PGK1	72	0	0	0	0	0	0	0	0	0	0	0	0	0	NA	0
PGK1	73	0	0	0	0	0	0	0	0	0	0	0	0	0	NA	0
PGK1	74	0	0	0	0	0	0	0	0	0	0	0	0	0	NA	0
PGK1	75	0	0	0	0	0	0	0	0	0	0	0	0	0	NA	0
PGK1	76	0	0	0	0	0	0	0	0	0	0	0	0	0	NA	0
PGK1	77	0	0	0	0	0	0	0	0	0	0	0	0	0	NA	0
PGK1	78	0	0	0	0	0	0	0	0	0	0	0	0	0	NA	0
PGK1	79	0	0	0	0	0	0	0	0	1	0	0	0	0	NA	0
PGK1	80	0	0	0	0	0	0	0	0	1	1	0	0	1	NA	0
PGK1	81	1	0	1	0	0	1	0	1	1	1	2	0	2	NA	1
PGK1	82	2	0	0	0	0	0	0	0	2	0	2	0	0	NA	0
PGK1	83	1	0	0	0	0	0	0	0	0	0	0	0	0	NA	0
PGK1	84	0	0	0	0	0	0	0	0	0	0	0	0	0	NA	0
PGK1	85	0	0	1	0	0	0	0	0	1	1	0	0	0	NA	0
PGK1	86	0	0	0	0	1	0	0	1	0	0	0	0	0	NA	1
PGK1	87	4	0	3	0	0	5	0	1	0	1	6	0	2	NA	0
PGK1	88	1	1	1	1	0	0	1	1	0	1	1	0	2	NA	0
PGK1	89	16	2	5	7	4	6	8	9	11	5	12	0	5	NA	4
PGK1	90	2	0	2	0	0	1	2	2	0	0	0	0	0	NA	0
PGK1	91	0	0	1	0	0	0	0	0	0	0	0	0	0	NA	0
PGK1	92	0	0	0	0	0	0	0	0	0	0	0	0	0	NA	0
PGK1	93	0	0	0	0	0	0	0	0	0	0	0	0	0	NA	0
PGK1	94	0	0	0	0	0	0	0	0	0	0	0	0	0	NA	0
PGK1	95	0	0	0	0	0	0	1	0	0	0	0	0	0	NA	0
PGK1	96	0	0	0	0	0	0	0	1	0	0	0	0	0	NA	0
PGK1	97	0	1	0	0	0	0	0	0	0	0	0	0	0	NA	0
PGK1	98	0	0	0	0	0	0	0	0	0	1	0	0	0	NA	0
PGK1	99	1	0	0	1	0	1	0	0	0	1	0	0	0	NA	1
PGK1	100	0	0	2	0	0	0	0	0	0	0	0	0	0	NA	0
PGK1	101	0	0	0	0	0	0	0	0	0	0	0	0	0	NA	0
PGK1	102	0	0	0	0	0	0	0	0	0	0	0	0	0	NA	0
PGK1	103	0	0	0	0	1	0	0	0	0	0	0	0	1	NA	0
PGK1	104	0	0	0	0	0	0	0	0	0	0	0	0	0	NA	0
PGK1	105	0	0	1	0	0	2	0	0	0	1	0	0	0	NA	0
PGK1	106	0	0	0	0	0	0	0	0	0	0	0	0	0	NA	0
PGK1	107	1	0	0	1	0	0	0	0	0	0	0	0	0	NA	0
PGK1	108	0	0	0	0	0	0	0	0	0	0	0	0	0	NA	0
PGK1	109	0	0	0	0	1	0	0	0	0	0	0	0	0	NA	0
PGK1	110	0	0	1	0	0	0	0	0	0	1	0	0	0	NA	0
PGK1	111	1	0	2	0	0	1	1	0	0	0	0	0	0	NA	0
PGK1	112	0	0	0	0	0	0	0	0	0	0	0	0	0	NA	0
PGK1	113	0	0	0	0	0	0	1	0	1	0	1	0	0	NA	0
PGK1	114	0	0	0	0	0	0	0	0	0	0	0	0	0	NA	2
PGK1	115	0	0	0	0	0	0	0	0	0	0	0	0	0	NA	0
PGK1	116	1	0	0	0	0	0	0	0	0	0	0	0	0	NA	0
PGK1	117	0	0	0	1	0	0	0	0	0	0	1	0	0	NA	0
PGK1	118	0	0	0	0	0	0	0	0	0	0	1	0	0	NA	0
PGK1	119	2	0	0	1	2	0	1	0	0	2	0	0	0	NA	0
PGK1	120	0	0	0	0	0	0	0	0	0	0	0	0	0	NA	0
PGK1	121	1	3	0	1	0	1	0	1	1	0	0	0	1	NA	2
PGK1	122	4	0	3	2	0	2	2	3	1	0	1	0	1	NA	1
PGK1	123	2	0	0	0	0	0	0	0	0	0	0	0	0	NA	1
PGK1	124	0	0	1	0	0	0	1	0	0	1	1	0	0	NA	0
PGK1	125	2	0	0	0	0	0	0	0	0	0	1	0	0	NA	1
PGK1	126	0	0	0	0	0	0	0	0	0	0	0	0	0	NA	0
PGK1	127	1	0	0	0	0	0	0	0	0	0	0	0	0	NA	1
PGK1	128	0	0	0	0	0	0	0	0	0	0	0	0	0	NA	0
PGK1	129	0	0	0	0	0	0	0	0	0	0	0	0	0	NA	0
PGK1	130	0	0	0	0	0	0	0	0	1	0	0	0	0	NA	0
PGK1	131	2	0	0	2	0	2	0	0	0	0	1	0	0	NA	0
PGK1	132	4	0	0	0	0	1	2	0	0	1	0	0	0	NA	1
PGK1	133	0	0	1	0	0	3	0	0	1	1	0	0	1	NA	1
PGK1	134	2	1	2	1	1	3	2	0	3	0	3	0	2	NA	1
PGK1	135	4	2	1	3	2	6	1	3	0	1	5	0	4	NA	3
PGK1	136	25	7	19	11	12	17	8	13	10	8	19	0	8	NA	21
PGK1	137	5	1	0	0	1	2	1	1	3	0	5	0	0	NA	1
PGK1	138	34	13	32	10	7	10	18	13	18	13	21	0	12	NA	20
PGK1	139	17	4	12	11	9	9	12	12	10	4	20	0	8	NA	22
PGK1	140	162	53	109	44	58	83	59	67	74	54	78	1	33	NA	42
PGK1	141	67	22	41	23	28	44	31	18	44	23	41	0	17	NA	44
PGK1	142	96	39	57	29	34	63	50	39	59	43	101	0	44	NA	67
PGK1	143	283	99	142	113	69	119	104	95	111	102	145	0	62	NA	69
PGK1	144	70	13	35	17	18	32	25	24	29	19	42	0	14	NA	33
PGK1	145	30	12	23	10	12	18	19	9	18	8	16	0	9	NA	22
PGK1	146	96	43	72	31	26	49	46	48	54	46	69	0	29	NA	36
PGK1	147	5	2	6	2	6	4	2	0	6	2	11	0	1	NA	3
PGK1	148	14	0	4	7	2	3	7	2	8	3	13	0	4	NA	7
PGK1	149	61	17	44	21	20	31	28	21	21	18	22	0	7	NA	16
PGK1	150	8	0	4	3	5	4	2	1	5	0	3	0	2	NA	4
PGK1	151	19	11	9	6	2	9	12	6	8	4	11	0	2	NA	7
PGK1	152	13	0	3	5	4	7	11	4	2	2	6	0	4	NA	6
PGK1	153	51	11	28	10	17	23	18	14	21	13	25	0	20	NA	36
PGK1	154	119	37	54	30	30	62	49	47	55	33	77	0	42	NA	88
PGK1	155	488	175	315	163	175	245	238	207	257	160	327	0	107	NA	207
PGK1	156	480	120	315	128	170	241	197	131	249	124	256	0	146	NA	276
PGK1	157	609	178	397	170	213	348	302	217	288	201	463	0	218	NA	457
PGK1	158	2427	782	1623	816	858	1105	1169	1001	1090	748	1533	1	418	NA	846
PGK1	159	98	21	60	30	47	54	53	32	30	29	64	0	24	NA	71
PGK1	160	85	31	47	25	26	45	28	26	50	21	62	0	16	NA	47
PGK1	161	51	20	33	16	19	29	18	29	17	14	39	0	11	NA	31
PGK1	162	42	9	31	18	11	19	17	9	17	15	28	0	5	NA	26
PGK1	163	21	7	18	11	7	8	12	4	7	5	18	0	2	NA	14
PGK1	164	35	6	19	9	8	12	8	9	15	15	16	0	2	NA	13
PGK1	165	19	2	13	4	7	11	12	8	12	7	10	0	4	NA	13
PGK1	166	22	4	21	7	6	11	13	4	5	4	16	0	2	NA	19
PGK1	167	72	13	37	11	23	21	16	16	29	17	38	0	7	NA	34
PGK1	168	7	1	3	0	1	2	0	0	0	0	0	0	0	NA	0
PGK1	169	0	1	1	0	0	0	0	0	0	0	0	0	0	NA	1
PGK1	170	1	1	0	1	2	0	0	0	0	0	0	0	0	NA	0
PGK1	171	2	0	0	0	0	0	0	0	0	0	2	0	0	NA	0
PGK1	172	4	1	2	0	0	2	1	0	0	0	0	0	0	NA	0
PGK1	173	1	0	0	0	2	0	0	0	0	0	0	0	0	NA	0
PGK1	174	1	0	1	0	1	0	1	0	2	0	1	0	0	NA	0
PGK1	175	0	0	0	0	0	0	0	1	1	0	0	0	0	NA	0
PGK1	176	0	0	0	0	0	0	0	0	0	0	0	0	0	NA	0
PGK1	177	2	1	2	1	2	0	0	1	2	0	0	0	0	NA	0
PGK1	178	1	1	0	2	0	0	0	0	0	0	1	0	0	NA	0
PGK1	179	1	0	1	2	0	0	1	1	1	0	0	0	0	NA	1
PGK1	180	1	0	2	0	0	1	2	0	0	0	1	0	0	NA	0
PGK1	181	12	2	11	4	4	5	6	6	15	4	6	0	4	NA	5
PGK1	182	1	0	1	0	0	0	1	0	0	0	0	0	0	NA	0
PGK1	183	4	0	1	0	0	0	1	1	0	3	2	0	0	NA	0
PGK1	184	2	0	0	0	0	0	0	0	0	0	0	0	0	NA	0
PGK1	185	0	0	0	0	2	0	0	0	0	0	0	0	0	NA	0
PGK1	186	0	0	0	0	0	0	0	0	0	0	0	0	0	NA	1
PGK1	187	1	1	0	0	0	0	0	1	0	0	1	0	0	NA	1
PGK1	188	1	0	0	0	0	0	0	0	1	0	1	0	0	NA	0
PGK1	189	0	0	1	0	0	0	0	0	0	0	0	0	0	NA	0
PGK1	190	0	0	0	0	0	0	0	0	0	0	0	0	0	NA	0
PGK1	191	0	0	0	0	0	0	0	0	0	0	0	0	0	NA	0
PGK1	192	1	0	0	0	0	1	0	0	0	0	1	0	0	NA	0
PGK1	193	0	0	0	0	0	0	0	0	0	0	0	0	0	NA	0
PGK1	194	1	0	0	0	1	0	0	0	0	0	0	0	0	NA	0
PGK1	195	0	0	0	0	0	0	0	0	0	0	0	0	0	NA	0
PGK1	196	0	1	0	0	1	0	0	0	0	0	1	0	0	NA	0
PGK1	197	0	0	1	0	0	0	0	0	0	0	0	0	0	NA	0
PGK1	198	0	0	0	0	0	0	0	0	0	0	0	0	0	NA	0
PGK1	199	0	0	0	0	0	0	0	0	0	0	0	0	0	NA	0
PGK1	200	0	0	0	0	0	0	0	0	0	0	0	0	0	NA	0
RPS3	1	0	0	0	0	0	0	0	0	0	0	0	0	0	0	0
RPS3	2	0	0	0	0	0	0	0	0	0	0	0	0	0	0	0
RPS3	3	0	0	0	0	0	0	0	0	0	0	0	0	0	0	0
RPS3	4	0	0	0	0	0	0	0	0	0	0	0	0	0	0	0
RPS3	5	0	0	0	0	0	0	0	0	0	0	0	0	0	0	0
RPS3	6	0	0	0	0	0	0	0	0	0	0	0	0	0	0	0
RPS3	7	0	0	0	0	0	0	0	0	0	0	0	0	0	0	0
RPS3	8	0	0	0	0	0	0	0	0	0	0	0	0	0	0	0
RPS3	9	0	0	0	0	0	0	0	0	0	0	0	0	0	0	0
RPS3	10	0	0	0	0	0	0	0	0	0	0	0	0	0	0	0
RPS3	11	0	0	0	0	0	0	0	0	0	0	0	0	0	0	0
RPS3	12	0	0	0	0	0	0	0	0	0	0	0	0	0	0	0
RPS3	13	0	0	0	0	0	0	0	0	0	0	0	0	0	0	0
RPS3	14	0	0	0	0	0	0	0	0	0	0	0	0	0	0	0
RPS3	15	0	0	0	0	0	0	0	0	0	0	0	0	0	0	0
RPS3	16	0	0	0	0	0	0	0	0	0	0	0	0	0	0	0
RPS3	17	0	0	0	0	1	0	0	0	2	0	2	0	0	0	0
RPS3	18	0	0	0	0	0	0	0	0	0	0	0	0	0	0	0
RPS3	19	0	0	0	0	0	1	0	0	1	1	3	0	0	0	0
RPS3	20	0	0	0	0	0	0	0	0	0	0	0	0	0	0	0
RPS3	21	0	0	0	0	0	0	0	0	0	0	0	0	0	0	0
RPS3	22	0	0	0	0	0	0	0	0	0	0	0	0	0	0	0
RPS3	23	0	0	0	0	0	0	0	0	0	0	0	0	0	0	0
RPS3	24	0	0	0	0	0	0	0	0	0	0	0	0	0	0	0
RPS3	25	0	0	0	0	0	0	0	0	0	0	0	0	0	0	0
RPS3	26	0	0	0	0	0	0	0	0	0	0	0	0	0	0	0
RPS3	27	0	0	0	0	0	1	0	0	0	0	0	0	0	0	0
RPS3	28	0	0	0	0	0	0	0	0	0	0	0	0	0	0	0
RPS3	29	0	0	0	0	0	0	0	0	0	0	0	0	0	0	0
RPS3	30	0	0	0	0	0	0	1	0	0	0	0	0	0	0	0
RPS3	31	0	0	0	1	0	0	0	0	0	0	0	0	0	0	0
RPS3	32	0	0	0	0	0	0	0	0	0	0	0	0	0	0	0
RPS3	33	0	0	0	0	0	0	0	0	0	0	0	0	0	0	0
RPS3	34	0	0	0	1	0	0	1	0	1	0	0	0	0	0	0
RPS3	35	0	0	0	0	0	0	0	0	0	0	0	0	0	0	0
RPS3	36	7	2	1	4	3	2	2	3	1	3	3	0	0	0	1
RPS3	37	0	0	0	0	0	0	0	0	0	0	0	0	0	0	0
RPS3	38	0	1	0	0	0	1	0	0	0	0	0	0	0	0	0
RPS3	39	3	2	1	1	3	1	3	2	0	0	3	0	0	0	0
RPS3	40	0	0	0	1	0	1	0	1	0	0	1	0	0	0	0
RPS3	41	0	1	0	0	2	0	1	0	0	1	0	0	0	0	2
RPS3	42	1	0	0	0	0	3	0	0	0	0	0	0	0	0	0
RPS3	43	3	2	1	3	1	1	1	2	0	1	4	0	1	0	3
RPS3	44	12	1	5	3	1	3	2	2	3	2	2	0	1	0	0
RPS3	45	20	5	15	25	5	8	15	16	10	10	12	0	6	0	7
RPS3	46	71	28	64	68	31	55	36	52	40	50	63	0	41	0	41
RPS3	47	18	6	17	8	6	6	4	7	8	5	6	0	5	0	5
RPS3	48	426	143	250	281	228	267	258	225	254	347	347	0	216	0	229
RPS3	49	620	300	433	513	339	386	394	476	398	454	446	1	200	0	166
RPS3	50	76	28	71	53	38	57	52	46	46	58	64	0	52	0	43
RPS3	51	77	32	57	63	35	51	57	34	46	61	69	0	43	0	38
RPS3	52	38	12	20	29	21	20	21	27	13	25	21	0	11	0	10
RPS3	53	419	160	333	283	241	213	244	243	256	288	294	0	155	0	139
RPS3	54	487	201	352	399	244	232	302	269	256	357	248	1	137	1	107
RPS3	55	57	20	38	28	35	46	34	38	28	49	51	0	26	0	27
RPS3	56	347	169	360	318	255	180	238	227	233	293	284	0	152	0	130
RPS3	57	349	142	277	294	171	231	310	278	297	388	382	0	210	0	207
RPS3	58	580	288	578	523	372	330	391	389	346	505	394	0	180	1	147
RPS3	59	2394	1160	2565	2125	2088	1035	1474	1287	1188	1712	1077	1	551	1	392
RPS3	60	132	47	143	115	106	71	88	75	64	106	71	0	51	0	36
RPS3	61	494	211	423	404	312	332	402	350	377	481	518	0	301	0	248
RPS3	62	236	103	224	227	141	176	212	176	205	244	272	0	173	0	167
RPS3	63	533	310	521	506	309	336	336	406	364	447	360	0	178	0	114
RPS3	64	25	11	22	24	16	14	15	16	14	23	19	0	10	0	13
RPS3	65	55	31	59	56	51	42	31	41	38	55	62	0	37	0	30
RPS3	66	1	0	3	4	3	3	5	2	1	0	4	0	3	0	2
RPS3	67	0	0	0	0	0	0	0	0	1	2	0	0	0	0	0
RPS3	68	5	1	3	2	3	3	1	5	3	1	1	0	0	0	1
RPS3	69	0	1	1	0	0	0	0	0	0	0	0	0	1	0	0
RPS3	70	1	0	1	0	0	0	0	1	3	0	0	0	1	0	0
RPS3	71	2	1	1	0	1	0	0	0	1	1	0	0	0	0	0
RPS3	72	0	0	0	0	0	0	0	1	1	1	0	0	0	0	0
RPS3	73	0	1	1	1	2	0	0	1	0	3	0	0	0	0	0
RPS3	74	13	6	12	9	14	3	10	11	5	12	4	0	3	0	0
RPS3	75	4	3	0	0	1	0	1	0	0	1	0	0	0	0	0
RPS3	76	0	0	0	0	0	1	0	0	0	0	0	0	0	0	0
RPS3	77	0	0	0	1	0	0	0	0	0	0	0	0	1	0	0
RPS3	78	0	0	1	0	0	0	0	0	0	0	1	0	0	0	0
RPS3	79	3	0	2	2	1	1	1	1	3	1	2	0	1	0	1
RPS3	80	1	0	2	3	1	1	0	3	2	1	0	0	0	0	5
RPS3	81	15	2	11	9	12	9	10	8	9	9	5	0	6	0	4
RPS3	82	9	5	17	17	14	10	13	13	10	12	21	0	9	0	4
RPS3	83	2	2	1	1	0	1	0	1	0	1	2	0	0	0	3
RPS3	84	0	0	0	0	1	0	0	1	0	0	0	0	0	0	0
RPS3	85	0	0	0	0	0	0	0	0	0	0	0	0	0	0	0
RPS3	86	0	0	0	0	0	0	0	0	0	0	0	0	0	0	0
RPS3	87	0	1	0	0	0	0	0	0	0	0	0	0	0	0	0
RPS3	88	0	0	0	0	0	0	0	0	1	0	0	0	0	0	0
RPS3	89	0	1	1	0	0	0	0	0	0	0	0	0	0	0	1
RPS3	90	1	1	0	2	2	1	2	0	0	2	1	0	0	0	0
RPS3	91	1	1	2	2	1	0	0	0	2	0	0	0	1	0	0
RPS3	92	0	0	0	0	0	0	1	1	0	0	0	0	0	0	0
RPS3	93	1	0	0	1	0	0	0	0	0	1	1	0	0	0	0
RPS3	94	1	1	1	0	0	0	0	0	1	0	0	0	0	0	0
RPS3	95	0	0	1	0	0	0	0	1	0	0	0	0	0	0	0
RPS3	96	0	0	0	0	0	0	0	0	1	1	0	0	0	0	1
RPS3	97	0	0	0	0	0	0	0	0	0	0	0	0	0	0	0
RPS3	98	1	0	2	3	0	0	1	0	1	2	1	0	1	0	0
RPS3	99	0	0	0	0	0	0	0	0	0	0	0	0	0	0	0
RPS3	100	3	3	0	6	3	0	5	2	1	3	1	0	0	0	2
RPS3	101	0	0	0	1	0	0	1	0	1	0	0	0	0	0	0
RPS3	102	0	0	0	1	1	1	0	0	0	0	0	0	0	0	1
RPS3	103	0	2	0	1	0	0	0	0	0	0	0	0	0	0	0
RPS3	104	0	0	0	0	0	0	0	0	0	0	0	0	0	0	0
RPS3	105	0	0	0	0	1	0	1	0	0	0	0	0	0	0	0
RPS3	106	0	0	1	1	0	0	0	0	0	1	0	0	0	0	0
RPS3	107	0	0	0	0	2	2	0	1	1	1	0	0	0	0	0
RPS3	108	0	0	0	0	0	0	0	0	0	1	0	0	0	0	0
RPS3	109	1	0	0	0	0	0	0	0	0	0	0	0	1	0	0
RPS3	110	0	1	1	1	0	0	0	1	0	0	2	0	1	0	0
RPS3	111	0	0	0	0	0	0	0	0	0	0	0	0	0	0	0
RPS3	112	1	0	0	0	0	0	0	0	0	0	0	0	0	0	0
RPS3	113	0	1	0	0	0	0	0	0	0	0	0	0	0	0	0
RPS3	114	1	1	0	0	0	0	0	2	1	0	1	0	0	0	0
RPS3	115	1	0	1	1	0	1	0	0	0	0	0	0	1	0	0
RPS3	116	2	1	0	1	2	0	1	3	1	2	1	0	1	0	1
RPS3	117	0	0	1	0	0	0	0	0	0	1	0	0	0	0	0
RPS3	118	1	1	0	1	2	2	0	2	0	3	0	0	0	0	1
RPS3	119	0	0	0	0	0	0	0	0	0	0	1	0	1	0	0
RPS3	120	3	1	6	3	4	2	1	0	0	0	2	0	0	0	0
RPS3	121	1	0	1	1	0	1	0	0	0	0	0	0	0	0	0
RPS3	122	4	0	3	3	3	1	2	2	2	1	3	0	0	0	0
RPS3	123	2	0	1	2	0	0	2	1	4	0	1	0	0	0	1
RPS3	124	0	0	1	0	2	1	2	1	1	2	1	0	1	0	1
RPS3	125	3	2	2	1	0	3	4	3	1	2	2	0	0	0	1
RPS3	126	11	5	10	6	10	3	5	3	3	2	4	0	5	0	1
RPS3	127	3	2	4	4	7	4	9	6	5	5	6	0	5	0	7
RPS3	128	10	3	8	4	4	6	5	0	6	0	1	0	6	0	2
RPS3	129	30	25	41	33	31	32	33	30	25	28	18	0	19	0	13
RPS3	130	2	2	3	5	2	3	1	3	1	2	2	0	3	0	1
RPS3	131	1	0	0	1	2	1	0	0	0	2	1	0	2	0	1
RPS3	132	4	3	2	3	1	2	3	2	1	3	2	0	3	0	1
RPS3	133	4	0	1	2	0	2	1	1	0	2	2	0	0	0	1
RPS3	134	5	2	8	5	3	3	3	1	1	2	1	0	1	0	0
RPS3	135	0	0	0	0	0	0	0	0	1	0	0	0	0	0	0
RPS3	136	1	0	0	0	0	1	0	0	0	1	0	0	2	0	0
RPS3	137	1	0	0	0	0	0	1	0	0	0	0	0	0	0	0
RPS3	138	0	0	0	0	0	0	0	0	0	0	0	0	0	0	0
RPS3	139	2	0	2	1	2	2	0	1	1	1	0	0	1	0	0
RPS3	140	0	1	1	0	0	0	0	0	1	0	3	0	0	0	1
RPS3	141	0	1	0	1	0	1	1	1	1	0	1	0	1	0	0
RPS3	142	0	0	0	0	0	0	0	0	0	0	0	0	0	0	1
RPS3	143	0	0	0	0	0	0	0	0	0	0	0	0	0	0	0
RPS3	144	0	0	0	0	0	0	1	1	0	0	0	0	0	0	0
RPS3	145	1	2	1	1	0	2	0	0	0	0	2	0	0	0	0
RPS3	146	1	0	0	0	1	0	0	0	0	0	0	0	1	0	0
RPS3	147	7	1	6	8	0	3	2	1	5	1	1	0	2	0	2
RPS3	148	0	0	1	1	0	0	0	0	1	0	0	0	0	0	0
RPS3	149	4	3	4	4	9	4	3	3	2	4	2	0	1	0	1
RPS3	150	0	0	1	0	0	1	0	0	0	0	0	0	0	0	0
RPS3	151	0	1	0	0	0	1	0	1	0	0	0	0	0	0	1
RPS3	152	0	0	0	0	0	0	0	0	0	0	0	0	0	0	0
RPS3	153	1	0	0	0	0	0	1	2	0	0	0	0	0	0	1
RPS3	154	0	0	0	1	0	0	2	0	0	0	0	0	0	0	0
RPS3	155	1	0	2	0	1	0	0	0	0	0	0	0	0	0	0
RPS3	156	0	0	0	0	0	0	0	0	0	0	0	0	0	0	0
RPS3	157	0	0	0	0	0	0	1	0	0	0	0	0	0	0	0
RPS3	158	0	0	0	0	0	0	0	0	0	0	0	0	0	0	0
RPS3	159	0	0	0	0	0	0	0	0	0	0	0	0	0	0	0
RPS3	160	0	0	0	1	0	0	0	0	0	0	0	0	0	0	0
RPS3	161	0	0	0	0	0	0	0	0	0	0	0	0	0	0	0
RPS3	162	0	0	0	0	0	0	0	0	0	0	0	0	0	0	0
RPS3	163	0	0	2	0	1	0	0	0	0	0	0	0	0	0	0
RPS3	164	0	0	1	0	0	0	0	0	0	0	0	0	1	0	1
RPS3	165	2	0	0	0	0	0	1	0	0	0	0	0	0	0	0
RPS3	166	0	0	1	0	0	0	0	0	0	0	0	0	0	0	0
RPS3	167	1	0	0	2	0	1	1	0	1	0	1	0	0	0	1
RPS3	168	1	0	0	1	0	1	0	0	0	0	1	0	0	0	0
RPS3	169	5	2	6	4	2	2	1	4	2	5	1	0	2	0	0
RPS3	170	0	0	0	0	0	0	0	0	0	0	0	0	0	0	0
RPS3	171	0	0	0	0	0	0	0	0	0	0	0	0	0	0	0
RPS3	172	0	0	0	0	0	0	0	0	0	0	0	0	0	0	0
RPS3	173	0	0	0	0	0	0	0	0	0	0	1	0	0	0	1
RPS3	174	1	0	0	1	0	0	0	0	2	3	1	0	0	0	1
RPS3	175	0	0	0	0	0	0	0	0	0	0	0	0	0	0	0
RPS3	176	0	0	0	0	0	0	0	0	0	0	0	0	0	0	0
RPS3	177	0	0	0	0	0	0	0	0	0	0	0	0	0	0	0
RPS3	178	0	0	0	0	0	0	0	0	0	0	0	0	0	0	0
RPS3	179	0	0	0	1	0	0	0	0	0	0	1	0	0	0	0
RPS3	180	0	0	1	0	0	0	0	0	0	0	0	0	0	0	0
RPS3	181	0	0	0	1	0	0	0	0	0	0	0	0	0	0	0
RPS3	182	0	0	0	0	0	0	1	0	0	0	0	0	0	0	0
RPS3	183	0	0	0	0	1	1	0	0	0	0	0	0	0	0	0
RPS3	184	0	0	0	0	1	1	2	0	1	0	1	0	0	0	0
RPS3	185	0	0	0	1	1	0	1	0	0	0	0	0	0	0	0
RPS3	186	0	0	1	0	0	0	0	1	0	0	0	0	0	0	0
RPS3	187	4	3	8	5	15	11	10	13	4	8	3	0	1	0	3
RPS3	188	1	1	0	0	0	2	0	0	0	0	0	0	1	0	0
RPS3	189	0	0	0	0	0	1	0	0	0	0	0	0	0	0	0
RPS3	190	4	0	0	0	2	0	1	2	0	1	0	0	0	0	0
RPS3	191	1	0	0	0	0	0	1	0	0	0	1	0	0	0	0
RPS3	192	1	2	7	1	10	3	2	2	2	2	2	0	2	0	1
RPS3	193	0	0	0	0	0	0	0	2	0	1	0	0	0	0	0
RPS3	194	0	0	0	0	0	0	0	0	0	0	0	0	0	0	0
RPS3	195	0	0	0	0	0	0	0	0	0	0	0	0	0	0	0
RPS3	196	0	0	0	0	0	0	0	0	0	0	0	0	0	0	0
RPS3	197	0	0	0	0	0	0	0	0	0	0	0	0	0	0	1
RPS3	198	0	0	0	0	0	0	0	0	0	0	0	0	0	0	1
RPS3	199	0	1	1	0	0	0	0	0	1	1	0	0	0	0	0
RPS3	200	0	0	0	0	0	0	0	0	0	0	0	0	0	0	0
TSA1	1	0	0	0	0	0	0	0	0	0	0	0	0	0	NA	0
TSA1	2	0	0	0	0	0	0	0	0	0	0	0	0	0	NA	0
TSA1	3	0	0	0	0	0	0	0	0	0	0	0	0	0	NA	0
TSA1	4	0	0	0	0	0	0	0	0	0	0	0	0	0	NA	0
TSA1	5	0	0	0	0	0	0	0	0	0	0	0	0	0	NA	0
TSA1	6	0	0	0	0	0	0	0	0	0	0	0	0	0	NA	0
TSA1	7	0	0	0	0	0	0	0	0	0	0	0	0	0	NA	0
TSA1	8	0	0	0	0	0	0	0	0	0	0	0	0	0	NA	0
TSA1	9	0	0	0	0	0	0	0	0	0	0	0	0	0	NA	0
TSA1	10	0	0	0	0	0	0	0	0	0	0	0	0	0	NA	0
TSA1	11	0	0	0	0	0	0	0	0	0	0	0	0	0	NA	0
TSA1	12	0	0	0	0	0	0	0	0	0	0	0	0	0	NA	0
TSA1	13	0	0	0	0	0	0	0	0	0	0	0	0	0	NA	0
TSA1	14	0	0	0	0	0	0	0	0	0	0	0	0	0	NA	0
TSA1	15	0	0	0	0	0	0	0	0	0	0	0	0	0	NA	0
TSA1	16	0	0	0	1	0	0	0	0	0	0	0	0	0	NA	0
TSA1	17	0	0	0	0	0	0	0	0	0	0	0	0	0	NA	0
TSA1	18	0	0	0	0	0	0	0	0	0	0	0	0	0	NA	0
TSA1	19	0	0	0	0	0	0	0	0	0	0	0	0	0	NA	0
TSA1	20	0	0	0	0	0	0	0	0	0	0	0	0	0	NA	0
TSA1	21	0	0	0	0	0	0	0	0	0	0	0	0	0	NA	0
TSA1	22	0	0	0	0	0	0	0	0	0	0	0	0	0	NA	0
TSA1	23	0	0	0	0	0	0	0	0	0	0	0	0	0	NA	0
TSA1	24	0	0	0	0	0	0	0	0	0	0	0	0	0	NA	0
TSA1	25	0	0	0	0	0	0	0	0	0	0	0	0	0	NA	0
TSA1	26	0	0	0	0	0	0	0	0	0	0	0	0	0	NA	0
TSA1	27	0	0	0	0	0	0	0	0	0	0	0	0	0	NA	0
TSA1	28	0	0	0	0	0	0	0	0	0	0	0	0	0	NA	0
TSA1	29	0	0	0	0	0	0	0	0	0	0	0	0	0	NA	0
TSA1	30	0	0	0	0	0	0	0	0	0	0	0	0	0	NA	0
TSA1	31	0	0	0	0	0	0	0	0	0	0	0	0	0	NA	0
TSA1	32	0	0	0	0	0	0	0	0	0	0	0	0	0	NA	0
TSA1	33	0	0	0	0	0	0	0	0	0	0	0	0	0	NA	0
TSA1	34	0	0	0	0	0	0	0	0	0	0	0	0	0	NA	0
TSA1	35	0	1	0	0	0	0	1	2	0	0	1	0	0	NA	0
TSA1	36	0	0	0	0	0	0	0	0	0	0	0	0	0	NA	0
TSA1	37	0	0	0	0	0	0	0	0	0	0	0	0	0	NA	0
TSA1	38	0	0	0	0	0	0	0	0	0	0	0	0	0	NA	0
TSA1	39	0	0	0	0	0	0	0	0	0	0	0	0	0	NA	0
TSA1	40	0	0	0	0	0	0	0	0	0	0	0	0	0	NA	0
TSA1	41	0	0	0	0	0	0	0	0	0	0	0	0	0	NA	0
TSA1	42	0	0	0	0	0	0	0	0	0	0	0	0	0	NA	0
TSA1	43	0	0	0	0	0	0	0	0	0	0	0	0	0	NA	0
TSA1	44	0	0	0	0	0	0	0	0	0	0	0	0	0	NA	0
TSA1	45	0	0	0	0	0	0	0	0	0	0	0	0	0	NA	0
TSA1	46	0	0	0	0	0	0	0	0	0	0	0	0	0	NA	0
TSA1	47	0	0	0	0	0	0	0	0	0	0	0	0	0	NA	0
TSA1	48	0	0	0	0	0	0	0	0	0	0	0	0	0	NA	0
TSA1	49	0	0	0	0	0	0	0	0	0	0	0	0	0	NA	0
TSA1	50	0	0	0	0	0	0	0	0	0	0	1	0	0	NA	0
TSA1	51	0	0	0	1	0	0	0	0	0	0	0	0	0	NA	0
TSA1	52	0	0	0	0	0	0	0	0	0	0	0	0	0	NA	0
TSA1	53	0	0	0	0	0	0	0	0	0	0	0	0	0	NA	0
TSA1	54	0	1	0	0	0	1	0	0	0	0	0	0	0	NA	0
TSA1	55	0	1	0	0	0	0	2	0	0	0	0	0	0	NA	0
TSA1	56	1	0	0	0	0	1	0	0	0	0	0	0	0	NA	0
TSA1	57	0	0	0	2	0	0	0	0	0	0	0	0	0	NA	0
TSA1	58	0	0	0	0	0	0	0	0	0	0	0	0	0	NA	0
TSA1	59	0	0	0	0	1	0	0	0	0	0	0	0	0	NA	0
TSA1	60	0	0	0	0	0	0	0	0	0	0	0	0	0	NA	0
TSA1	61	0	0	0	0	0	0	0	0	0	0	0	0	0	NA	0
TSA1	62	0	0	0	0	1	0	0	0	0	0	0	0	0	NA	0
TSA1	63	0	0	0	0	0	0	0	0	0	0	0	0	0	NA	0
TSA1	64	1	0	0	0	0	0	0	0	1	0	0	0	0	NA	0
TSA1	65	2	0	0	0	0	0	1	0	0	0	0	0	0	NA	0
TSA1	66	0	0	0	0	0	0	0	0	0	0	0	0	0	NA	0
TSA1	67	0	0	0	0	0	0	0	0	0	0	1	0	0	NA	0
TSA1	68	0	0	0	0	0	0	0	0	0	0	0	0	0	NA	0
TSA1	69	0	0	0	0	0	0	0	0	0	0	0	0	0	NA	1
TSA1	70	1	0	0	0	0	0	0	0	0	0	0	0	0	NA	0
TSA1	71	1	0	1	0	1	0	1	1	1	0	0	0	0	NA	0
TSA1	72	0	0	0	0	0	0	0	0	0	0	0	0	0	NA	0
TSA1	73	0	0	0	0	0	0	0	0	0	0	0	0	0	NA	0
TSA1	74	0	0	0	0	0	0	0	0	0	0	0	0	2	NA	0
TSA1	75	1	0	0	0	1	0	2	0	0	1	1	0	0	NA	0
TSA1	76	0	0	0	0	0	0	0	0	0	0	0	0	0	NA	0
TSA1	77	0	0	0	0	0	0	0	0	0	0	0	0	0	NA	0
TSA1	78	0	1	0	0	0	0	0	1	1	0	0	0	0	NA	0
TSA1	79	0	0	0	0	0	0	0	0	0	0	0	0	0	NA	0
TSA1	80	0	0	0	2	0	0	0	1	0	1	0	0	0	NA	0
TSA1	81	2	0	0	0	0	0	0	1	0	1	0	0	0	NA	0
TSA1	82	4	1	5	4	5	3	6	5	1	3	9	0	4	NA	0
TSA1	83	1	0	4	1	0	2	0	1	0	1	0	0	0	NA	0
TSA1	84	2	1	1	2	2	1	0	1	1	2	0	0	0	NA	1
TSA1	85	0	1	0	0	0	0	0	0	0	0	1	0	0	NA	0
TSA1	86	1	0	1	1	1	0	0	0	0	1	0	0	0	NA	0
TSA1	87	0	0	0	1	0	2	1	3	0	1	1	0	0	NA	0
TSA1	88	15	3	6	3	10	11	6	2	7	10	12	0	11	NA	5
TSA1	89	18	4	7	3	2	9	4	13	6	8	12	0	5	NA	8
TSA1	90	27	8	19	14	9	16	9	22	15	14	11	0	7	NA	4
TSA1	91	3	1	1	1	0	2	2	3	3	1	4	0	6	NA	2
TSA1	92	17	2	8	7	4	9	11	7	6	8	16	0	5	NA	8
TSA1	93	33	6	15	14	7	16	11	21	11	13	13	0	8	NA	15
TSA1	94	37	23	30	15	18	25	23	23	19	28	24	0	19	NA	12
TSA1	95	249	84	158	131	137	116	126	126	127	141	130	0	100	NA	67
TSA1	96	201	74	129	86	94	104	62	109	93	106	80	0	55	NA	39
TSA1	97	39	16	22	17	10	20	22	17	26	25	29	0	26	NA	26
TSA1	98	212	67	140	103	102	137	119	123	119	133	137	0	124	NA	93
TSA1	99	33	7	25	14	16	20	7	13	17	25	17	0	6	NA	7
TSA1	100	916	364	604	493	420	419	389	456	411	514	383	0	267	NA	176
TSA1	101	108	53	86	63	59	61	45	65	59	55	50	0	34	NA	39
TSA1	102	377	131	266	230	164	230	200	256	218	200	306	1	244	NA	194
TSA1	103	275	97	169	143	117	115	128	149	147	176	134	0	140	NA	93
TSA1	104	1057	448	732	604	595	432	510	603	507	539	443	0	359	NA	289
TSA1	105	140	52	86	69	62	76	64	73	68	62	42	0	57	NA	44
TSA1	106	2687	1129	1947	1573	1345	1131	1242	1557	1294	1411	1093	0	758	NA	578
TSA1	107	139	42	99	66	72	48	69	77	60	78	52	0	36	NA	34
TSA1	108	36	11	23	6	19	6	12	20	24	15	15	0	19	NA	16
TSA1	109	12	6	8	9	10	3	6	6	4	4	9	0	8	NA	6
TSA1	110	19	7	16	13	11	8	7	13	12	10	8	0	10	NA	8
TSA1	111	63	27	34	31	27	27	48	52	39	53	41	0	36	NA	21
TSA1	112	273	99	240	179	158	102	119	164	129	168	101	0	94	NA	48
TSA1	113	27	12	27	26	18	16	21	21	19	28	24	0	30	NA	8
TSA1	114	84	47	59	49	38	47	41	62	51	47	39	0	36	NA	16
TSA1	115	10	5	4	7	6	9	2	6	5	5	13	0	4	NA	2
TSA1	116	65	23	42	28	34	28	25	27	20	38	18	0	23	NA	7
TSA1	117	4	5	4	2	2	2	2	4	1	2	2	0	1	NA	1
TSA1	118	19	5	11	13	7	7	13	11	11	11	8	0	3	NA	11
TSA1	119	34	8	22	10	18	6	10	14	12	14	8	0	6	NA	9
TSA1	120	1	0	0	0	0	1	2	0	1	0	0	0	0	NA	2
TSA1	121	14	8	17	9	5	5	9	6	8	5	3	0	5	NA	3
TSA1	122	8	0	5	2	7	0	1	1	2	9	3	0	2	NA	2
TSA1	123	9	4	4	5	5	3	1	5	5	7	6	0	1	NA	0
TSA1	124	0	0	0	1	0	1	1	0	0	0	0	0	0	NA	1
TSA1	125	8	9	5	5	8	7	8	5	4	10	8	0	4	NA	5
TSA1	126	29	14	15	17	12	12	21	15	13	19	7	0	6	NA	6
TSA1	127	0	2	1	1	1	0	0	0	0	0	0	0	0	NA	0
TSA1	128	3	0	2	0	2	0	2	0	2	2	1	0	0	NA	1
TSA1	129	5	1	1	2	4	3	3	1	1	8	0	0	2	NA	0
TSA1	130	0	1	0	0	1	0	0	0	0	0	1	0	0	NA	1
TSA1	131	0	0	0	1	1	0	1	1	0	0	0	0	1	NA	0
TSA1	132	1	0	0	0	0	0	1	0	1	0	0	0	0	NA	0
TSA1	133	4	1	0	1	0	4	3	1	2	1	1	0	2	NA	2
TSA1	134	6	1	4	2	1	1	0	2	1	1	3	0	1	NA	1
TSA1	135	0	0	1	0	1	0	0	0	0	1	0	0	0	NA	0
TSA1	136	4	1	1	0	1	0	2	1	0	0	0	0	0	NA	1
TSA1	137	0	0	0	0	0	0	0	0	1	1	0	0	0	NA	0
TSA1	138	1	1	2	3	2	1	4	1	1	1	2	0	0	NA	1
TSA1	139	0	1	0	0	0	0	0	0	1	0	0	0	0	NA	0
TSA1	140	0	2	1	2	1	0	0	4	1	3	1	0	2	NA	1
TSA1	141	0	1	0	0	0	0	1	0	0	0	0	0	0	NA	0
TSA1	142	1	1	0	0	0	0	0	1	3	0	2	0	0	NA	0
TSA1	143	0	1	1	2	0	0	0	1	1	0	0	0	0	NA	0
TSA1	144	0	0	0	0	0	0	0	0	0	0	0	0	0	NA	1
TSA1	145	0	0	0	0	0	0	0	0	1	0	0	0	0	NA	0
TSA1	146	1	1	0	1	0	0	0	0	1	1	1	0	1	NA	1
TSA1	147	0	0	0	0	0	0	0	0	1	1	2	0	0	NA	0
TSA1	148	0	0	0	1	1	0	0	0	0	0	2	0	1	NA	1
TSA1	149	0	0	0	0	0	1	0	0	1	0	0	0	0	NA	0
TSA1	150	5	1	2	3	0	1	0	1	1	3	0	0	1	NA	1
TSA1	151	1	0	1	0	0	0	0	2	0	0	0	0	3	NA	0
TSA1	152	0	0	0	0	0	0	0	0	0	0	0	0	1	NA	1
TSA1	153	3	3	1	0	0	1	0	1	3	1	1	0	1	NA	0
TSA1	154	6	1	5	5	3	0	2	2	1	0	0	0	3	NA	1
TSA1	155	0	0	0	0	0	0	0	0	0	0	0	0	0	NA	0
TSA1	156	0	0	0	0	0	0	0	0	0	0	0	0	1	NA	0
TSA1	157	1	0	0	0	0	1	0	1	0	0	0	0	2	NA	0
TSA1	158	0	0	0	0	0	0	0	0	0	0	0	0	0	NA	0
TSA1	159	0	0	0	0	0	0	0	0	0	0	0	0	0	NA	0
TSA1	160	5	1	2	1	2	0	1	0	0	0	1	0	0	NA	2
TSA1	161	0	0	0	0	0	1	1	0	0	0	0	0	0	NA	0
TSA1	162	0	0	0	0	0	0	0	0	0	0	0	0	0	NA	0
TSA1	163	0	0	0	0	0	0	0	0	0	0	0	0	0	NA	0
TSA1	164	0	0	1	2	2	0	0	0	1	0	1	0	0	NA	1
TSA1	165	0	0	0	0	0	0	0	0	0	0	0	0	0	NA	0
TSA1	166	0	0	0	0	1	0	0	0	0	0	0	0	0	NA	0
TSA1	167	0	0	0	0	1	1	2	1	0	0	1	0	0	NA	0
TSA1	168	0	0	2	1	1	0	0	0	1	0	0	0	0	NA	1
TSA1	169	0	0	1	0	0	0	0	0	0	1	0	0	0	NA	0
TSA1	170	0	0	0	0	0	0	0	0	0	1	0	0	0	NA	0
TSA1	171	0	0	0	0	0	0	0	0	0	0	0	0	0	NA	0
TSA1	172	0	1	0	1	0	1	0	0	0	0	0	0	0	NA	0
TSA1	173	0	0	1	1	0	0	0	0	0	0	0	0	0	NA	0
TSA1	174	2	1	1	0	0	2	0	1	0	0	0	0	0	NA	0
TSA1	175	0	0	0	0	0	0	0	0	0	0	0	0	0	NA	0
TSA1	176	3	0	3	0	0	0	1	0	1	2	0	0	1	NA	3
TSA1	177	1	0	2	1	0	2	4	2	0	4	0	0	0	NA	0
TSA1	178	0	0	0	0	0	0	0	0	0	0	0	0	0	NA	0
TSA1	179	0	0	0	0	0	0	0	0	0	0	0	0	0	NA	0
TSA1	180	0	0	0	0	0	0	0	0	0	0	0	0	0	NA	0
TSA1	181	0	0	0	0	0	0	0	0	0	0	0	0	0	NA	0
TSA1	182	0	0	0	0	0	0	0	0	0	0	0	0	0	NA	0
TSA1	183	0	0	0	0	0	0	0	0	0	0	0	0	0	NA	0
TSA1	184	0	0	0	0	0	0	0	0	0	0	0	0	0	NA	0
TSA1	185	0	0	0	0	0	0	0	0	0	0	0	0	0	NA	0
TSA1	186	0	0	0	0	0	0	0	0	0	0	0	0	0	NA	0
TSA1	187	0	0	0	0	0	0	0	0	0	0	0	0	0	NA	0
TSA1	188	0	0	0	0	0	0	0	0	0	0	0	0	0	NA	0
TSA1	189	0	0	0	0	0	0	0	0	0	0	0	0	0	NA	0
TSA1	190	0	0	0	0	0	0	0	0	0	0	0	0	0	NA	0
TSA1	191	0	0	0	0	0	0	0	0	0	0	0	0	0	NA	0
TSA1	192	0	0	0	0	0	0	0	0	0	0	0	0	0	NA	0
TSA1	193	0	0	0	0	0	0	0	0	0	0	0	0	0	NA	0
TSA1	194	0	0	0	0	0	0	0	0	0	0	0	0	0	NA	0
TSA1	195	0	0	0	0	0	0	0	0	0	0	0	0	0	NA	0
TSA1	196	0	0	0	0	0	0	0	0	0	0	0	0	0	NA	0
TSA1	197	0	0	0	0	0	0	0	0	0	0	0	0	0	NA	0
TSA1	198	0	0	0	0	0	0	0	0	0	0	0	0	0	NA	0
TSA1	199	0	0	0	0	0	0	0	0	0	0	0	0	0	NA	0
TSA1	200	0	0	0	0	0	0	0	0	0	0	0	0	0	NA	0
URA3	1	NA	NA	124	144	75	94	73	113	96	103	130	0	107	0	61
URA3	2	NA	NA	8	3	5	8	3	1	1	4	2	0	1	0	1
URA3	3	NA	NA	350	429	215	192	250	275	269	374	359	0	210	0	175
URA3	4	NA	NA	0	2	3	0	2	1	0	0	1	0	1	0	0
URA3	5	NA	NA	0	6	1	1	1	1	2	1	2	0	0	0	0
URA3	6	NA	NA	2	0	0	2	1	0	0	1	2	0	0	0	2
URA3	7	NA	NA	10	5	4	4	5	2	4	6	7	0	9	0	1
URA3	8	NA	NA	41	53	31	31	28	40	40	42	49	0	35	0	32
URA3	9	NA	NA	209	265	111	135	169	153	168	169	232	0	173	0	118
URA3	10	NA	NA	6	2	2	2	4	4	2	4	5	0	5	0	5
URA3	11	NA	NA	85	103	37	67	73	53	75	66	87	0	63	0	69
URA3	12	NA	NA	1400	1739	807	799	1103	1168	1055	1316	1572	0	902	0	665
URA3	13	NA	NA	577	723	299	345	415	410	447	511	644	0	358	0	306
URA3	14	NA	NA	108	150	66	51	92	81	91	100	116	0	101	0	71
URA3	15	NA	NA	90	120	43	49	51	63	88	62	89	0	75	0	54
URA3	16	NA	NA	1553	2060	900	1009	1329	1412	1448	1546	1959	0	1273	0	913
URA3	17	NA	NA	153	196	108	64	106	103	104	120	145	0	100	0	68
URA3	18	NA	NA	106	117	57	44	54	47	68	61	51	0	29	0	33
URA3	19	NA	NA	4527	5826	2847	2056	2837	2946	3059	3648	3216	1	1965	1	1385
URA3	20	NA	NA	36	68	26	11	23	31	27	31	36	0	22	0	11
URA3	21	NA	NA	3	4	3	2	2	1	3	4	5	0	4	0	1
URA3	22	NA	NA	17	38	14	20	20	15	25	21	33	0	21	0	14
URA3	23	NA	NA	4	3	1	2	1	3	2	3	1	0	0	0	1
URA3	24	NA	NA	77	103	51	40	55	48	65	54	59	0	47	0	27
URA3	25	NA	NA	220	303	141	97	129	139	147	185	114	0	62	0	47
URA3	26	NA	NA	5	10	2	2	4	5	5	10	4	0	2	0	2
URA3	27	NA	NA	0	0	1	0	1	0	1	0	0	0	1	0	1
URA3	28	NA	NA	29	49	16	18	27	36	22	30	18	0	19	0	16
URA3	29	NA	NA	3	4	3	0	2	1	0	0	1	0	0	0	1
URA3	30	NA	NA	0	0	0	0	0	1	0	0	0	0	0	0	0
URA3	31	NA	NA	2	0	1	1	0	3	2	2	2	0	0	0	0
URA3	32	NA	NA	67	60	31	29	41	46	51	53	79	0	53	0	31
URA3	33	NA	NA	1	4	0	0	0	0	2	0	2	0	0	0	0
URA3	34	NA	NA	0	0	0	0	0	0	0	0	0	0	0	0	0
URA3	35	NA	NA	0	1	0	0	1	0	0	1	1	0	1	0	0
URA3	36	NA	NA	8	6	3	1	3	9	8	1	7	0	6	0	1
URA3	37	NA	NA	8	8	4	4	2	5	1	4	8	0	3	0	2
URA3	38	NA	NA	0	0	0	0	0	0	0	0	0	0	0	0	0
URA3	39	NA	NA	0	0	0	0	0	0	0	0	0	0	0	0	0
URA3	40	NA	NA	0	0	0	0	0	0	0	0	0	0	0	0	0
URA3	41	NA	NA	25	20	10	8	17	9	15	13	6	0	6	0	1
URA3	42	NA	NA	0	0	0	0	0	0	0	0	0	0	0	0	0
URA3	43	NA	NA	1	4	3	0	0	1	2	3	2	0	1	0	0
URA3	44	NA	NA	0	2	2	0	0	2	0	0	0	0	0	0	0
URA3	45	NA	NA	0	0	0	0	0	0	0	0	0	0	0	0	0
URA3	46	NA	NA	0	0	0	0	0	0	0	0	0	0	0	0	0
URA3	47	NA	NA	0	0	0	0	0	0	0	0	0	0	0	0	0
URA3	48	NA	NA	0	0	0	0	0	0	0	0	0	0	0	0	0
URA3	49	NA	NA	0	1	0	0	0	0	0	0	0	0	0	0	0
URA3	50	NA	NA	0	0	0	0	0	0	0	0	0	0	0	0	0
URA3	51	NA	NA	1	1	0	0	0	1	0	0	1	0	0	0	0
URA3	52	NA	NA	0	0	0	0	0	0	1	0	0	0	0	0	0
URA3	53	NA	NA	0	0	0	0	0	0	0	0	0	0	0	0	0
URA3	54	NA	NA	0	1	0	0	0	0	0	0	0	0	0	0	0
URA3	55	NA	NA	0	0	0	0	0	0	0	0	0	0	0	0	0
URA3	56	NA	NA	2	6	2	3	3	4	4	3	3	0	1	0	2
URA3	57	NA	NA	0	0	0	0	0	0	0	0	0	0	0	0	0
URA3	58	NA	NA	0	0	0	0	0	0	0	0	0	0	0	0	0
URA3	59	NA	NA	0	0	0	0	0	0	0	0	0	0	0	0	0
URA3	60	NA	NA	0	0	0	0	0	0	0	0	0	0	0	0	0
URA3	61	NA	NA	0	1	1	0	0	0	1	0	3	0	0	0	0
URA3	62	NA	NA	0	0	0	0	0	0	0	0	0	0	0	0	0
URA3	63	NA	NA	0	0	0	0	1	0	0	0	0	0	0	0	0
URA3	64	NA	NA	0	0	0	0	0	0	0	0	0	0	0	0	0
URA3	65	NA	NA	0	0	0	1	0	0	1	1	0	0	0	0	0
URA3	66	NA	NA	0	0	0	0	0	0	0	0	0	0	0	0	0
URA3	67	NA	NA	0	0	0	0	0	0	0	0	0	0	0	0	0
URA3	68	NA	NA	0	0	0	0	0	0	0	0	0	0	0	0	0
URA3	69	NA	NA	0	0	0	0	0	0	0	0	0	0	0	0	0
URA3	70	NA	NA	0	0	0	0	0	0	0	0	0	0	0	0	0
URA3	71	NA	NA	0	0	0	0	0	0	0	1	0	0	0	0	0
URA3	72	NA	NA	0	0	0	0	0	0	0	0	0	0	0	0	0
URA3	73	NA	NA	0	0	0	0	0	0	0	0	0	0	0	0	0
URA3	74	NA	NA	0	0	2	0	0	0	1	0	1	0	0	0	0
URA3	75	NA	NA	10	2	6	3	4	0	5	4	7	0	0	0	6
URA3	76	NA	NA	0	0	0	0	0	0	0	0	0	0	0	0	0
URA3	77	NA	NA	0	0	0	0	0	0	0	0	0	0	0	0	0
URA3	78	NA	NA	0	0	0	0	0	0	0	0	0	0	0	0	0
URA3	79	NA	NA	1	0	1	0	1	0	0	0	0	0	0	0	0
URA3	80	NA	NA	0	0	0	0	0	0	0	0	0	0	0	0	0
URA3	81	NA	NA	1	0	0	0	0	0	0	0	1	0	0	0	0
URA3	82	NA	NA	13	13	17	10	24	13	18	9	36	0	21	0	13
URA3	83	NA	NA	0	0	0	0	0	0	0	0	1	0	0	0	0
URA3	84	NA	NA	0	0	0	0	0	0	0	0	0	0	0	0	0
URA3	85	NA	NA	0	0	0	0	0	0	0	0	0	0	0	0	0
URA3	86	NA	NA	0	0	0	0	0	0	0	0	0	0	0	0	0
URA3	87	NA	NA	0	0	0	0	0	0	0	0	0	0	0	0	0
URA3	88	NA	NA	0	0	0	0	0	0	0	0	1	0	0	0	0
URA3	89	NA	NA	0	0	0	0	0	0	0	1	0	0	0	0	0
URA3	90	NA	NA	0	0	0	0	0	0	0	0	0	0	0	0	0
URA3	91	NA	NA	0	0	0	0	0	0	0	0	0	0	0	0	0
URA3	92	NA	NA	0	0	0	0	0	0	0	0	0	0	0	0	0
URA3	93	NA	NA	0	0	0	0	0	0	0	0	0	0	0	0	0
URA3	94	NA	NA	0	0	0	0	0	0	0	0	0	0	0	0	0
URA3	95	NA	NA	0	0	0	0	0	1	0	0	0	0	0	0	0
URA3	96	NA	NA	0	0	0	0	0	0	0	0	0	0	0	0	0
URA3	97	NA	NA	0	0	0	0	0	0	0	0	0	0	0	0	0
URA3	98	NA	NA	0	0	0	0	0	0	0	0	0	0	0	0	0
URA3	99	NA	NA	0	0	0	0	0	0	0	0	0	0	0	0	0
URA3	100	NA	NA	0	0	0	0	0	0	0	0	0	0	0	0	0
URA3	101	NA	NA	0	0	0	0	0	0	0	0	0	0	0	0	0
URA3	102	NA	NA	0	0	0	0	0	0	0	0	0	0	0	0	0
URA3	103	NA	NA	0	0	0	0	0	0	0	0	0	0	0	0	0
URA3	104	NA	NA	0	0	0	0	0	0	0	0	0	0	0	0	0
URA3	105	NA	NA	0	0	0	0	0	0	0	0	0	0	0	0	0
URA3	106	NA	NA	0	0	0	0	0	0	0	0	0	0	0	0	0
URA3	107	NA	NA	0	0	0	0	0	0	0	0	0	0	0	0	0
URA3	108	NA	NA	0	0	0	0	0	0	0	0	0	0	0	0	0
URA3	109	NA	NA	0	0	0	0	0	0	0	0	0	0	0	0	1
URA3	110	NA	NA	0	0	0	0	0	0	0	0	0	0	0	0	0
URA3	111	NA	NA	0	0	0	0	0	0	0	0	0	0	0	0	0
URA3	112	NA	NA	0	0	0	0	0	0	0	0	0	0	0	0	0
URA3	113	NA	NA	0	0	0	0	0	0	0	0	0	0	0	0	0
URA3	114	NA	NA	0	0	0	0	0	0	0	0	0	0	0	0	0
URA3	115	NA	NA	0	0	0	0	0	0	0	0	0	0	0	0	0
URA3	116	NA	NA	0	0	0	0	0	0	0	0	0	0	0	0	0
URA3	117	NA	NA	0	0	1	0	0	0	0	0	0	0	1	0	0
URA3	118	NA	NA	0	0	0	1	1	0	2	0	0	0	0	0	0
URA3	119	NA	NA	11	6	5	8	15	6	15	6	7	0	6	0	13
URA3	120	NA	NA	2	0	0	0	0	1	0	0	0	0	0	0	0
URA3	121	NA	NA	2	0	1	2	4	1	4	4	5	0	1	0	0
URA3	122	NA	NA	0	0	0	0	0	0	0	0	0	0	0	0	0
URA3	123	NA	NA	0	0	0	0	1	1	0	0	0	0	0	0	0
URA3	124	NA	NA	0	0	0	0	0	0	0	0	0	0	0	0	0
URA3	125	NA	NA	3	0	4	1	3	0	2	0	1	0	1	0	3
URA3	126	NA	NA	0	0	0	0	0	0	0	0	0	0	0	0	0
URA3	127	NA	NA	0	0	0	0	0	0	0	0	0	0	0	0	0
URA3	128	NA	NA	1	0	0	0	0	0	1	0	0	0	0	0	0
URA3	129	NA	NA	0	0	0	0	0	0	0	0	0	0	0	0	0
URA3	130	NA	NA	0	0	0	0	0	0	0	0	0	0	0	0	0
URA3	131	NA	NA	0	0	0	0	0	0	0	0	0	0	0	0	0
URA3	132	NA	NA	1	0	0	0	0	0	0	0	0	0	0	0	0
URA3	133	NA	NA	0	0	0	0	0	0	0	0	0	0	0	0	0
URA3	134	NA	NA	0	0	0	0	0	0	0	0	0	0	0	0	0
URA3	135	NA	NA	0	0	0	0	0	0	0	0	0	0	0	0	1
URA3	136	NA	NA	0	0	0	0	0	0	0	0	0	0	0	0	0
URA3	137	NA	NA	1	0	0	0	0	0	0	0	0	0	0	0	0
URA3	138	NA	NA	0	0	0	0	0	0	0	0	0	0	0	0	0
URA3	139	NA	NA	0	0	0	0	0	0	0	0	0	0	0	0	0
URA3	140	NA	NA	0	0	0	0	0	0	0	0	0	0	0	0	0
URA3	141	NA	NA	0	0	0	0	0	0	0	0	0	0	0	0	0
URA3	142	NA	NA	0	0	0	0	0	0	0	0	0	0	0	0	0
URA3	143	NA	NA	0	0	0	0	0	0	0	0	0	0	0	0	0
URA3	144	NA	NA	0	0	0	0	0	0	0	0	0	0	0	0	0
URA3	145	NA	NA	0	0	0	0	0	0	0	0	0	0	0	0	0
URA3	146	NA	NA	1	0	0	0	0	0	0	0	0	0	0	0	0
URA3	147	NA	NA	0	0	0	0	0	0	0	0	0	0	0	0	0
URA3	148	NA	NA	0	0	0	0	0	0	0	0	0	0	0	0	0
URA3	149	NA	NA	0	0	0	0	0	1	0	0	0	0	0	0	0
URA3	150	NA	NA	0	0	0	0	0	0	0	0	0	0	1	0	0
URA3	151	NA	NA	0	0	0	0	0	0	0	0	0	0	0	0	0
URA3	152	NA	NA	0	0	0	0	0	0	0	0	0	0	0	0	0
URA3	153	NA	NA	0	0	0	0	0	0	0	0	0	0	0	0	0
URA3	154	NA	NA	0	1	1	0	0	0	0	0	0	0	1	0	0
URA3	155	NA	NA	0	0	0	0	0	0	1	0	0	0	0	0	0
URA3	156	NA	NA	0	0	2	1	2	1	0	0	2	0	1	0	0
URA3	157	NA	NA	1	0	0	0	0	1	0	0	0	0	0	0	0
URA3	158	NA	NA	0	2	1	0	0	3	0	1	1	0	2	0	1
URA3	159	NA	NA	1	0	1	0	0	0	1	1	2	0	2	0	0
URA3	160	NA	NA	1	1	2	4	1	0	2	0	1	0	2	0	2
URA3	161	NA	NA	128	164	94	155	208	158	197	155	334	0	242	0	320
URA3	162	NA	NA	2	1	0	3	0	0	0	2	0	0	1	0	0
URA3	163	NA	NA	5	1	3	3	5	0	3	0	3	0	1	0	1
URA3	164	NA	NA	0	0	0	0	0	0	0	0	0	0	0	0	0
URA3	165	NA	NA	0	0	1	1	1	1	1	1	1	0	0	0	0
URA3	166	NA	NA	0	0	0	0	0	0	1	0	0	0	0	0	0
URA3	167	NA	NA	0	0	0	0	0	0	0	0	0	0	0	0	0
URA3	168	NA	NA	0	0	0	0	0	0	0	0	0	0	0	0	0
URA3	169	NA	NA	0	0	0	0	0	0	0	0	0	0	0	0	0
URA3	170	NA	NA	0	0	0	0	0	0	0	0	0	0	0	0	0
URA3	171	NA	NA	0	0	0	0	0	0	0	0	2	0	0	0	1
URA3	172	NA	NA	0	0	0	0	0	0	0	0	0	0	0	0	0
URA3	173	NA	NA	0	0	0	0	0	0	0	0	0	0	0	0	0
URA3	174	NA	NA	0	0	0	0	0	0	0	0	0	0	0	0	0
URA3	175	NA	NA	0	0	0	0	0	0	0	0	0	0	0	0	0
URA3	176	NA	NA	0	0	0	0	0	0	0	0	0	0	0	0	0
URA3	177	NA	NA	0	0	0	0	1	0	1	0	0	0	0	0	1
URA3	178	NA	NA	0	0	0	0	0	0	0	0	0	0	0	0	0
URA3	179	NA	NA	0	0	0	0	0	0	0	0	0	0	0	0	0
URA3	180	NA	NA	0	0	0	0	0	0	0	0	0	0	0	0	0
URA3	181	NA	NA	0	0	0	0	0	0	0	0	0	0	0	0	0
URA3	182	NA	NA	0	0	0	0	0	0	0	0	0	0	0	0	0
URA3	183	NA	NA	0	0	0	0	0	0	0	0	0	0	0	0	0
URA3	184	NA	NA	0	0	0	0	0	0	0	0	0	0	0	0	0
URA3	185	NA	NA	0	0	0	0	0	0	0	0	0	0	0	0	0
URA3	186	NA	NA	0	0	0	0	0	0	0	0	0	0	0	0	0
URA3	187	NA	NA	0	0	0	0	0	0	0	0	0	0	0	0	0
URA3	188	NA	NA	0	0	0	0	0	0	0	0	1	0	0	0	0
URA3	189	NA	NA	0	0	0	0	0	0	0	0	0	0	0	0	0
URA3	190	NA	NA	0	0	0	0	0	0	0	0	0	0	0	0	0
URA3	191	NA	NA	0	0	0	0	0	0	0	0	0	0	0	0	0
URA3	192	NA	NA	0	0	0	0	0	1	0	0	0	0	0	0	0
URA3	193	NA	NA	0	0	0	0	0	0	0	0	0	0	0	0	0
URA3	194	NA	NA	0	0	0	0	0	0	0	0	0	0	0	0	0
URA3	195	NA	NA	0	0	0	0	0	0	0	0	0	0	0	0	0
URA3	196	NA	NA	0	0	0	0	0	0	0	0	0	0	0	0	0
URA3	197	NA	NA	0	0	0	0	0	0	0	0	0	0	0	0	0
URA3	198	NA	NA	0	0	0	0	0	0	0	0	0	0	0	0	0
URA3	199	NA	NA	0	0	0	0	0	0	0	0	0	0	0	0	0
URA3	200	NA	NA	0	0	0	0	0	0	0	0	0	0	0	0	0
