,experiment,strain,max gr,time of max gr
0,20200929-pro-mCherry-ter_swaps_n1,POT1-ccdB_biorep1,0.35598521403313044,2.6688341666666675
1,20200929-pro-mCherry-ter_swaps_n1,null,,
2,20200929-pro-mCherry-ter_swaps_n1,pCLN2-mCherry-tCLN2_biorep1,0.36180112594972075,2.4104218518518525
3,20200929-pro-mCherry-ter_swaps_n1,pCLN2-mCherry-tHSP26_biorep1,0.35498457678853435,2.9568962962962964
4,20200929-pro-mCherry-ter_swaps_n1,pCLN2-mCherry-tPAB1_biorep1,0.35484479024441995,2.848875185185185
5,20200929-pro-mCherry-ter_swaps_n1,pCLN2-mCherry-tPGK1_biorep1,0.3554815131824967,3.045856111111112
6,20200929-pro-mCherry-ter_swaps_n1,pCLN2-mCherry-tPMA1_biorep1,0.3594546766176586,2.4739682407407413
7,20200929-pro-mCherry-ter_swaps_n1,pCLN2-mCherry-tRPS13_biorep1,0.35634329559099576,2.4654954629629633
8,20200929-pro-mCherry-ter_swaps_n1,pCLN2-mCherry-tRPS3_biorep1,0.3527195859063955,2.9399520370370373
9,20200929-pro-mCherry-ter_swaps_n1,pCLN2-mCherry-tSRO9_biorep1,0.34586839199765257,2.539629814814815
10,20200929-pro-mCherry-ter_swaps_n1,pCLN2-mCherry-tSUN4_biorep1,0.3445726821057709,2.8298093518518517
11,20200929-pro-mCherry-ter_swaps_n1,pCLN2-mCherry-tTOS6_biorep1,0.3488531993321446,2.5629297222222225
12,20200929-pro-mCherry-ter_swaps_n1,pHSP26-mCherry-tCLN2_biorep1,0.3465309614339901,2.901825185185185
13,20200929-pro-mCherry-ter_swaps_n1,pHSP26-mCherry-tHSP26_biorep1,0.352692767335037,2.7069611111111116
14,20200929-pro-mCherry-ter_swaps_n1,pHSP26-mCherry-tPAB1_biorep1,0.34125686101410396,2.988668240740741
15,20200929-pro-mCherry-ter_swaps_n1,pHSP26-mCherry-tPGK1_biorep1,0.34754769230310756,2.7239055555555565
16,20200929-pro-mCherry-ter_swaps_n1,pHSP26-mCherry-tPMA1_biorep1,0.34119558289978946,2.8488706481481483
17,20200929-pro-mCherry-ter_swaps_n1,pHSP26-mCherry-tRPS13_biorep1,0.34621683996035685,2.870054074074075
18,20200929-pro-mCherry-ter_swaps_n1,pHSP26-mCherry-tRPS3_biorep1,0.34195733967962694,2.6815412962962966
19,20200929-pro-mCherry-ter_swaps_n1,pHSP26-mCherry-tSRO9_biorep1,0.33535498582132317,2.7853304629629627
20,20200929-pro-mCherry-ter_swaps_n1,pHSP26-mCherry-tSUN4_biorep1,0.34391418232949034,2.9230070370370367
21,20200929-pro-mCherry-ter_swaps_n1,pPGK1-mCherry-tCLN2_biorep1,0.36256070245545563,2.6878964814814816
22,20200929-pro-mCherry-ter_swaps_n1,pPGK1-mCherry-tHSP26_biorep1,0.35512978795989497,2.7260239814814815
23,20200929-pro-mCherry-ter_swaps_n1,pPGK1-mCherry-tPAB1_biorep1,0.3481445298980647,2.7726217592592586
24,20200929-pro-mCherry-ter_swaps_n1,pPGK1-mCherry-tPGK1_biorep1,0.3583248427134973,2.86158175925926
25,20200929-pro-mCherry-ter_swaps_n1,pPGK1-mCherry-tPMA1_biorep1,0.35393786389561427,2.651890092592593
26,20200929-pro-mCherry-ter_swaps_n1,pPGK1-mCherry-tRPS13_biorep1,0.3626551850189477,2.6158802777777783
27,20200929-pro-mCherry-ter_swaps_n1,pPGK1-mCherry-tRPS3_biorep1,0.3458146994292824,2.687897314814815
28,20200929-pro-mCherry-ter_swaps_n1,pPGK1-mCherry-tSRO9_biorep1,0.3482781685747532,2.8043948148148155
29,20200929-pro-mCherry-ter_swaps_n1,pPGK1-mCherry-tSUN4_biorep1,0.33587485001573003,2.5481058333333335
30,20200929-pro-mCherry-ter_swaps_n1,pPGK1-mCherry-tTOS6_biorep1,0.34210531695667773,2.8785276851851846
31,20200929-pro-mCherry-ter_swaps_n1,pRPS13-mCherry-tCLN2_biorep1,0.3656662578214107,2.4739663888888894
32,20200929-pro-mCherry-ter_swaps_n1,pRPS13-mCherry-tHSP26_biorep1,0.35648347097654315,2.3087590740740747
33,20200929-pro-mCherry-ter_swaps_n1,pRPS13-mCherry-tPAB1_biorep1,0.3554073320317546,2.6201176851851864
34,20200929-pro-mCherry-ter_swaps_n1,pRPS13-mCherry-tPGK1_biorep1,0.3588284828756603,2.7705030555555568
35,20200929-pro-mCherry-ter_swaps_n1,pRPS13-mCherry-tPMA1_biorep1,0.34868255022166705,2.524803425925926
36,20200929-pro-mCherry-ter_swaps_n1,pRPS13-mCherry-tRPS13_biorep1,0.368981925641228,2.3341752777777782
37,20200929-pro-mCherry-ter_swaps_n1,pRPS13-mCherry-tRPS3_biorep1,0.3595567582362636,2.702722962962963
38,20200929-pro-mCherry-ter_swaps_n1,pRPS13-mCherry-tSRO9_biorep1,0.35291491418592136,3.014084166666666
39,20200929-pro-mCherry-ter_swaps_n1,pRPS13-mCherry-tSUN4_biorep1,0.3522160019911588,2.4993857407407414
40,20200929-pro-mCherry-ter_swaps_n1,pRPS13-mCherry-tTOS6_biorep1,0.34708790664745875,2.6709519444444454
41,20200929-pro-mCherry-ter_swaps_n1,pRPS3-mCherry-tCLN2_biorep1,0.367073774476217,2.4909087037037043
42,20200929-pro-mCherry-ter_swaps_n1,pRPS3-mCherry-tHSP26_biorep1,0.33984949054294056,2.8467581481481483
43,20200929-pro-mCherry-ter_swaps_n1,pRPS3-mCherry-tPAB1_biorep1,0.36186664840339794,2.346881481481482
44,20200929-pro-mCherry-ter_swaps_n1,pRPS3-mCherry-tPGK1_biorep1,0.3606745152752064,2.3701806481481484
45,20200929-pro-mCherry-ter_swaps_n1,pRPS3-mCherry-tPMA1_biorep1,0.36644724340951085,2.266398055555556
46,20200929-pro-mCherry-ter_swaps_n1,pRPS3-mCherry-tRPS13_biorep1,0.37686694937102566,2.4697315740740744
47,20200929-pro-mCherry-ter_swaps_n1,pRPS3-mCherry-tRPS3_biorep1,0.3696162327395409,2.3299383333333337
48,20200929-pro-mCherry-ter_swaps_n1,pRPS3-mCherry-tSRO9_biorep1,0.3608522533308656,2.3384093518518525
49,20200929-pro-mCherry-ter_swaps_n1,pRPS3-mCherry-tSUN4_biorep1,0.36703486760353937,2.3638268518518526
50,20200929-pro-mCherry-ter_swaps_n1,pRPS3-mCherry-tTOS6_biorep1,0.3655471503313335,2.5290392592592594
51,20200929-pro-mCherry-ter_swaps_n1,pSRO9-mCherry-tCLN2_biorep1,0.3585235332122557,2.8446387962962967
52,20200929-pro-mCherry-ter_swaps_n1,pSRO9-mCherry-tHSP26_biorep1,0.3657172349164297,2.757796296296296
53,20200929-pro-mCherry-ter_swaps_n1,pSRO9-mCherry-tPAB1_biorep1,0.3518477308862624,2.850992777777778
54,20200929-pro-mCherry-ter_swaps_n1,pSRO9-mCherry-tPGK1_biorep1,0.3575470873413958,3.02467537037037
55,20200929-pro-mCherry-ter_swaps_n1,pSRO9-mCherry-tPMA1_biorep1,0.3421608388825094,2.9738397222222237
56,20200929-pro-mCherry-ter_swaps_n1,pSRO9-mCherry-tRPS13_biorep1,0.35628498156733807,2.802274814814815
57,20200929-pro-mCherry-ter_swaps_n1,pSRO9-mCherry-tRPS3_biorep1,0.354879804770604,2.8742923148148147
58,20200929-pro-mCherry-ter_swaps_n1,pSRO9-mCherry-tSRO9_biorep1,0.3467085291103416,2.732376944444445
59,20200929-pro-mCherry-ter_swaps_n1,pSRO9-mCherry-tSUN4_biorep1,0.34344011459420026,2.94206962962963
60,20200929-pro-mCherry-ter_swaps_n1,pSRO9-mCherry-tTOS6_biorep1,0.3376367901115225,3.0267925000000004
0,20200930-pro-mCherry-ter_swaps_n2,POT1-ccdB_biorep2,0.35163212311463776,2.5773494444444442
1,20200930-pro-mCherry-ter_swaps_n2,null,,
2,20200930-pro-mCherry-ter_swaps_n2,pCLN2-mCherry-tCLN2_biorep2,0.37131885252782465,2.310511851851852
3,20200930-pro-mCherry-ter_swaps_n2,pCLN2-mCherry-tHSP26_biorep2,0.36127074419211075,2.367692314814814
4,20200930-pro-mCherry-ter_swaps_n2,pCLN2-mCherry-tPAB1_biorep2,0.3409548639319474,2.6874732407407413
5,20200930-pro-mCherry-ter_swaps_n2,pCLN2-mCherry-tPGK1_biorep2,0.3520128385319886,2.4884035185185183
6,20200930-pro-mCherry-ter_swaps_n2,pCLN2-mCherry-tPMA1_biorep2,0.3453203685074838,2.5667598148148145
7,20200930-pro-mCherry-ter_swaps_n2,pCLN2-mCherry-tRPS13_biorep2,0.3719558033063858,2.3465140740740735
8,20200930-pro-mCherry-ter_swaps_n2,pCLN2-mCherry-tRPS3_biorep2,0.363500934493286,2.1199134259259256
9,20200930-pro-mCherry-ter_swaps_n2,pCLN2-mCherry-tSRO9_biorep2,0.3520843815359225,2.2130958333333326
10,20200930-pro-mCherry-ter_swaps_n2,pCLN2-mCherry-tSUN4_biorep2,0.33519239032787845,2.365573981481481
11,20200930-pro-mCherry-ter_swaps_n2,pCLN2-mCherry-tTOS6_biorep2,0.364756533046192,2.462990462962963
12,20200930-pro-mCherry-ter_swaps_n2,pHSP26-mCherry-tCLN2_biorep2,0.3509501978984204,2.729829907407408
13,20200930-pro-mCherry-ter_swaps_n2,pHSP26-mCherry-tHSP26_biorep2,0.3609814785438113,2.755242037037038
14,20200930-pro-mCherry-ter_swaps_n2,pHSP26-mCherry-tPAB1_biorep2,0.33277580467026835,2.9161909259259264
15,20200930-pro-mCherry-ter_swaps_n2,pHSP26-mCherry-tPGK1_biorep2,0.3417366736825565,2.5879384259259264
16,20200930-pro-mCherry-ter_swaps_n2,pHSP26-mCherry-tPMA1_biorep2,0.3433888182940953,2.6048806481481477
17,20200930-pro-mCherry-ter_swaps_n2,pHSP26-mCherry-tRPS13_biorep2,0.36148746234527984,2.5455835185185185
18,20200930-pro-mCherry-ter_swaps_n2,pHSP26-mCherry-tRPS3_biorep2,0.34402141175070433,2.6853561111111106
19,20200930-pro-mCherry-ter_swaps_n2,pHSP26-mCherry-tSRO9_biorep2,0.3567549220795383,2.5582900925925918
20,20200930-pro-mCherry-ter_swaps_n2,pHSP26-mCherry-tSUN4_biorep2,0.34215464902447756,2.4672262037037034
21,20200930-pro-mCherry-ter_swaps_n2,pPGK1-mCherry-tCLN2_biorep2,0.36274735318997126,2.7044160185185175
22,20200930-pro-mCherry-ter_swaps_n2,pPGK1-mCherry-tHSP26_biorep2,0.3537759160339969,2.5942921296296295
23,20200930-pro-mCherry-ter_swaps_n2,pPGK1-mCherry-tPAB1_biorep2,0.34333129875098317,2.6451180555555553
24,20200930-pro-mCherry-ter_swaps_n2,pPGK1-mCherry-tPGK1_biorep2,0.3620529037039355,2.5815855555555554
25,20200930-pro-mCherry-ter_swaps_n2,pPGK1-mCherry-tPMA1_biorep2,0.36127811679156496,2.289335185185185
26,20200930-pro-mCherry-ter_swaps_n2,pPGK1-mCherry-tRPS13_biorep2,0.371120021293994,2.482051018518518
27,20200930-pro-mCherry-ter_swaps_n2,pPGK1-mCherry-tRPS3_biorep2,0.3471205440018692,2.3168646296296296
28,20200930-pro-mCherry-ter_swaps_n2,pPGK1-mCherry-tSRO9_biorep2,0.33979059558343194,2.7446527777777776
29,20200930-pro-mCherry-ter_swaps_n2,pPGK1-mCherry-tSUN4_biorep2,0.34551880570174903,2.066969444444444
30,20200930-pro-mCherry-ter_swaps_n2,pPGK1-mCherry-tTOS6_biorep2,0.3260006339581279,2.7065327777777766
31,20200930-pro-mCherry-ter_swaps_n2,pRPS13-mCherry-tCLN2_biorep2,0.37575171201546304,2.25333287037037
32,20200930-pro-mCherry-ter_swaps_n2,pRPS13-mCherry-tHSP26_biorep2,0.37570232361917427,2.393105092592592
33,20200930-pro-mCherry-ter_swaps_n2,pRPS13-mCherry-tPAB1_biorep2,0.37179166072997705,2.23427324074074
34,20200930-pro-mCherry-ter_swaps_n2,pRPS13-mCherry-tPGK1_biorep2,0.36252496153938935,2.242744074074074
35,20200930-pro-mCherry-ter_swaps_n2,pRPS13-mCherry-tPMA1_biorep2,0.36319847134547784,2.1474443518518513
36,20200930-pro-mCherry-ter_swaps_n2,pRPS13-mCherry-tRPS13_biorep2,0.36550986635933236,2.367692222222222
37,20200930-pro-mCherry-ter_swaps_n2,pRPS13-mCherry-tRPS3_biorep2,0.37003530411230506,2.251214537037037
38,20200930-pro-mCherry-ter_swaps_n2,pRPS13-mCherry-tSRO9_biorep2,0.3542814548959995,2.439695833333333
39,20200930-pro-mCherry-ter_swaps_n2,pRPS13-mCherry-tSUN4_biorep2,0.35462188916389464,2.386751944444444
40,20200930-pro-mCherry-ter_swaps_n2,pRPS13-mCherry-tTOS6_biorep2,0.35043770805978197,2.2978060185185183
41,20200930-pro-mCherry-ter_swaps_n2,pRPS3-mCherry-tCLN2_biorep2,0.3731413018710312,2.227919351851851
42,20200930-pro-mCherry-ter_swaps_n2,pRPS3-mCherry-tHSP26_biorep2,0.3615239523082031,2.886542962962963
43,20200930-pro-mCherry-ter_swaps_n2,pRPS3-mCherry-tPAB1_biorep2,0.37008213838452114,2.4460493518518516
44,20200930-pro-mCherry-ter_swaps_n2,pRPS3-mCherry-tPGK1_biorep2,0.36727752323060103,2.4481657407407407
45,20200930-pro-mCherry-ter_swaps_n2,pRPS3-mCherry-tPMA1_biorep2,0.3731185469339915,2.149562222222222
46,20200930-pro-mCherry-ter_swaps_n2,pRPS3-mCherry-tRPS13_biorep2,0.37148070496274754,2.282981111111111
47,20200930-pro-mCherry-ter_swaps_n2,pRPS3-mCherry-tRPS3_biorep2,0.3748965967552382,2.25545037037037
48,20200930-pro-mCherry-ter_swaps_n2,pRPS3-mCherry-tSRO9_biorep2,0.3672372654126931,2.513816759259259
49,20200930-pro-mCherry-ter_swaps_n2,pRPS3-mCherry-tSUN4_biorep2,0.36942205068108735,2.393105277777777
50,20200930-pro-mCherry-ter_swaps_n2,pRPS3-mCherry-tTOS6_biorep2,0.36807797670244363,2.3676913888888884
51,20200930-pro-mCherry-ter_swaps_n2,pSRO9-mCherry-tCLN2_biorep2,0.3824697940528389,2.7552424074074082
52,20200930-pro-mCherry-ter_swaps_n2,pSRO9-mCherry-tHSP26_biorep2,0.3651946372977756,2.363456851851851
53,20200930-pro-mCherry-ter_swaps_n2,pSRO9-mCherry-tPAB1_biorep2,0.3476071259757763,2.4841681481481475
54,20200930-pro-mCherry-ter_swaps_n2,pSRO9-mCherry-tPGK1_biorep2,0.3508176350018936,2.3634562962962957
55,20200930-pro-mCherry-ter_swaps_n2,pSRO9-mCherry-tPMA1_biorep2,0.34069572757313343,2.346514537037036
56,20200930-pro-mCherry-ter_swaps_n2,pSRO9-mCherry-tRPS13_biorep2,0.3535722862622657,2.604881481481482
57,20200930-pro-mCherry-ter_swaps_n2,pSRO9-mCherry-tRPS3_biorep2,0.34876634346482294,2.2956878703703705
58,20200930-pro-mCherry-ter_swaps_n2,pSRO9-mCherry-tSRO9_biorep2,0.34716762256611206,2.4375771296296294
59,20200930-pro-mCherry-ter_swaps_n2,pSRO9-mCherry-tSUN4_biorep2,0.3372122492622033,2.4608728703703697
60,20200930-pro-mCherry-ter_swaps_n2,pSRO9-mCherry-tTOS6_biorep2,0.32829491547894935,2.5159341666666664
0,20201001-pro-mCherry-ter_swaps_n3,POT1-ccdB_biorep3,0.3782184814276042,2.979689074074074
1,20201001-pro-mCherry-ter_swaps_n3,null,,
2,20201001-pro-mCherry-ter_swaps_n3,pCLN2-mCherry-tCLN2_biorep3,0.39749426452039804,2.748857037037037
3,20201001-pro-mCherry-ter_swaps_n3,pCLN2-mCherry-tHSP26_biorep3,0.39032569857778876,2.960629537037038
4,20201001-pro-mCherry-ter_swaps_n3,pCLN2-mCherry-tPAB1_biorep3,0.3853201023124106,2.8780380555555554
5,20201001-pro-mCherry-ter_swaps_n3,pCLN2-mCherry-tPGK1_biorep3,0.38754986760237736,2.92251037037037
6,20201001-pro-mCherry-ter_swaps_n3,pCLN2-mCherry-tPMA1_biorep3,0.40200338633904736,2.8716854629629633
7,20201001-pro-mCherry-ter_swaps_n3,pCLN2-mCherry-tRPS13_biorep3,0.38823443062251006,2.8843920370370357
8,20201001-pro-mCherry-ter_swaps_n3,pCLN2-mCherry-tRPS3_biorep3,0.38103223249982354,3.0008636111111118
9,20201001-pro-mCherry-ter_swaps_n3,pCLN2-mCherry-tSRO9_biorep3,0.3964436109203727,2.869567962962963
10,20201001-pro-mCherry-ter_swaps_n3,pCLN2-mCherry-tSUN4_biorep3,0.3835825401847414,2.8886275
11,20201001-pro-mCherry-ter_swaps_n3,pCLN2-mCherry-tTOS6_biorep3,0.39001158437424316,2.8843906481481474
12,20201001-pro-mCherry-ter_swaps_n3,pHSP26-mCherry-tCLN2_biorep3,0.3753105187157078,3.41169537037037
13,20201001-pro-mCherry-ter_swaps_n3,pHSP26-mCherry-tHSP26_biorep3,0.3767697303431152,3.411698425925926
14,20201001-pro-mCherry-ter_swaps_n3,pHSP26-mCherry-tPAB1_biorep3,0.37612180081406343,3.5027587962962965
15,20201001-pro-mCherry-ter_swaps_n3,pHSP26-mCherry-tPGK1_biorep3,0.37638258572740446,3.1914565740740746
16,20201001-pro-mCherry-ter_swaps_n3,pHSP26-mCherry-tPMA1_biorep3,0.3653797927506093,3.062278055555556
17,20201001-pro-mCherry-ter_swaps_n3,pHSP26-mCherry-tRPS13_biorep3,0.37413367769587297,3.2232215740740746
18,20201001-pro-mCherry-ter_swaps_n3,pHSP26-mCherry-tRPS3_biorep3,0.3721726637789953,3.2698097222222224
19,20201001-pro-mCherry-ter_swaps_n3,pHSP26-mCherry-tSRO9_biorep3,0.3721557621080831,3.1067491666666673
20,20201001-pro-mCherry-ter_swaps_n3,pHSP26-mCherry-tSUN4_biorep3,0.37914708668294317,3.16180787037037
21,20201001-pro-mCherry-ter_swaps_n3,pPGK1-mCherry-tCLN2_biorep3,0.39425259010241015,2.983924537037037
22,20201001-pro-mCherry-ter_swaps_n3,pPGK1-mCherry-tHSP26_biorep3,0.38856255731791256,3.140630925925927
23,20201001-pro-mCherry-ter_swaps_n3,pPGK1-mCherry-tPAB1_biorep3,0.39728252310234036,3.087690370370371
24,20201001-pro-mCherry-ter_swaps_n3,pPGK1-mCherry-tPGK1_biorep3,0.38984096926945355,3.1851016666666667
25,20201001-pro-mCherry-ter_swaps_n3,pPGK1-mCherry-tPMA1_biorep3,0.3785628231127369,2.964864074074074
26,20201001-pro-mCherry-ter_swaps_n3,pPGK1-mCherry-tRPS13_biorep3,0.3883886267105916,3.2189848148148155
27,20201001-pro-mCherry-ter_swaps_n3,pPGK1-mCherry-tRPS3_biorep3,0.3863194574833684,3.0453372222222224
28,20201001-pro-mCherry-ter_swaps_n3,pPGK1-mCherry-tSRO9_biorep3,0.3831717238469922,3.110982592592593
29,20201001-pro-mCherry-ter_swaps_n3,pPGK1-mCherry-tSUN4_biorep3,0.3664828146312552,3.009332777777778
30,20201001-pro-mCherry-ter_swaps_n3,pPGK1-mCherry-tTOS6_biorep3,0.3758537321920933,2.914041203703704
31,20201001-pro-mCherry-ter_swaps_n3,pRPS13-mCherry-tCLN2_biorep3,0.4056638339498152,3.047455740740741
32,20201001-pro-mCherry-ter_swaps_n3,pRPS13-mCherry-tHSP26_biorep3,0.4050915912118871,3.0686312962962963
33,20201001-pro-mCherry-ter_swaps_n3,pRPS13-mCherry-tPAB1_biorep3,0.40430364196491486,3.1152200000000003
34,20201001-pro-mCherry-ter_swaps_n3,pRPS13-mCherry-tPGK1_biorep3,0.40353366738086005,3.1173367592592602
35,20201001-pro-mCherry-ter_swaps_n3,pRPS13-mCherry-tPMA1_biorep3,0.40040194909656157,3.130042685185186
36,20201001-pro-mCherry-ter_swaps_n3,pRPS13-mCherry-tRPS13_biorep3,0.4039176720588513,3.043218981481482
37,20201001-pro-mCherry-ter_swaps_n3,pRPS13-mCherry-tRPS3_biorep3,0.39369809747290974,3.106749166666668
38,20201001-pro-mCherry-ter_swaps_n3,pRPS13-mCherry-tSRO9_biorep3,0.38589812598750967,2.9690999074074074
39,20201001-pro-mCherry-ter_swaps_n3,pRPS13-mCherry-tSUN4_biorep3,0.39416009313581035,2.873804722222222
40,20201001-pro-mCherry-ter_swaps_n3,pRPS13-mCherry-tTOS6_biorep3,0.3867445299596024,3.0919237037037033
41,20201001-pro-mCherry-ter_swaps_n3,pRPS3-mCherry-tCLN2_biorep3,0.40625181604644,2.9860422222222227
42,20201001-pro-mCherry-ter_swaps_n3,pRPS3-mCherry-tHSP26_biorep3,0.3783622849153882,3.394752500000001
43,20201001-pro-mCherry-ter_swaps_n3,pRPS3-mCherry-tPAB1_biorep3,0.4009737329447555,3.077102037037038
44,20201001-pro-mCherry-ter_swaps_n3,pRPS3-mCherry-tPGK1_biorep3,0.39307492890141255,3.1194548148148145
45,20201001-pro-mCherry-ter_swaps_n3,pRPS3-mCherry-tPMA1_biorep3,0.3997316895131023,3.030514351851852
46,20201001-pro-mCherry-ter_swaps_n3,pRPS3-mCherry-tRPS13_biorep3,0.41280994785719594,3.2316902777777785
47,20201001-pro-mCherry-ter_swaps_n3,pRPS3-mCherry-tRPS3_biorep3,0.4077399633315497,3.0453372222222224
48,20201001-pro-mCherry-ter_swaps_n3,pRPS3-mCherry-tSRO9_biorep3,0.4021492804227957,3.028395740740741
49,20201001-pro-mCherry-ter_swaps_n3,pRPS3-mCherry-tSUN4_biorep3,0.40398954201214005,3.10674925925926
50,20201001-pro-mCherry-ter_swaps_n3,pRPS3-mCherry-tTOS6_biorep3,0.40275678999168557,3.045336851851852
51,20201001-pro-mCherry-ter_swaps_n3,pSRO9-mCherry-tCLN2_biorep3,0.3928623196266504,2.9436886111111114
52,20201001-pro-mCherry-ter_swaps_n3,pSRO9-mCherry-tHSP26_biorep3,0.3889317873250942,2.9839237037037036
53,20201001-pro-mCherry-ter_swaps_n3,pSRO9-mCherry-tPAB1_biorep3,0.387520729168455,3.0516886111111114
54,20201001-pro-mCherry-ter_swaps_n3,pSRO9-mCherry-tPGK1_biorep3,0.3829191155874614,3.0876901851851857
55,20201001-pro-mCherry-ter_swaps_n3,pSRO9-mCherry-tPMA1_biorep3,0.3795207309717428,2.920390555555555
56,20201001-pro-mCherry-ter_swaps_n3,pSRO9-mCherry-tRPS13_biorep3,0.38221255732876863,3.0749845370370377
57,20201001-pro-mCherry-ter_swaps_n3,pSRO9-mCherry-tRPS3_biorep3,0.3719826771997279,2.956392962962963
58,20201001-pro-mCherry-ter_swaps_n3,pSRO9-mCherry-tSRO9_biorep3,0.37477315889734925,2.998747592592593
59,20201001-pro-mCherry-ter_swaps_n3,pSRO9-mCherry-tSUN4_biorep3,0.3680734390402974,3.1215734259259262
60,20201001-pro-mCherry-ter_swaps_n3,pSRO9-mCherry-tTOS6_biorep3,0.3730259064403242,2.9754512037037033
0,20201002-pro-mCherry-ter_swaps_n4,POT1-ccdB_biorep4,0.3700865800727021,2.979612962962962
1,20201002-pro-mCherry-ter_swaps_n4,null,,
2,20201002-pro-mCherry-ter_swaps_n4,pCLN2-mCherry-tCLN2_biorep4,0.37806194465594023,2.6577262037037035
3,20201002-pro-mCherry-ter_swaps_n4,pCLN2-mCherry-tHSP26_biorep4,0.3806325491625171,2.9372591666666654
4,20201002-pro-mCherry-ter_swaps_n4,pCLN2-mCherry-tPAB1_biorep4,0.37030611643718786,2.9732593518518513
5,20201002-pro-mCherry-ter_swaps_n4,pCLN2-mCherry-tPGK1_biorep4,0.36599250041589215,3.0600834259259257
6,20201002-pro-mCherry-ter_swaps_n4,pCLN2-mCherry-tPMA1_biorep4,0.3734767236955376,2.721256388888889
7,20201002-pro-mCherry-ter_swaps_n4,pCLN2-mCherry-tRPS13_biorep4,0.39029716356360084,2.7763151851851853
8,20201002-pro-mCherry-ter_swaps_n4,pCLN2-mCherry-tRPS3_biorep4,0.38006106134783557,2.9859664814814812
9,20201002-pro-mCherry-ter_swaps_n4,pCLN2-mCherry-tSRO9_biorep4,0.38939801535405527,3.3120881481481477
10,20201002-pro-mCherry-ter_swaps_n4,pCLN2-mCherry-tSUN4_biorep4,0.3553905857373897,2.8356116666666664
11,20201002-pro-mCherry-ter_swaps_n4,pCLN2-mCherry-tTOS6_biorep4,0.35509732006572625,2.920316666666666
12,20201002-pro-mCherry-ter_swaps_n4,pHSP26-mCherry-tCLN2_biorep4,0.3735901294681061,3.0304389814814807
13,20201002-pro-mCherry-ter_swaps_n4,pHSP26-mCherry-tHSP26_biorep4,0.37954088376921896,3.1490272222222226
14,20201002-pro-mCherry-ter_swaps_n4,pHSP26-mCherry-tPAB1_biorep4,0.3718268450732279,3.3989095370370364
15,20201002-pro-mCherry-ter_swaps_n4,pHSP26-mCherry-tPGK1_biorep4,0.3601878026413714,3.204086851851851
16,20201002-pro-mCherry-ter_swaps_n4,pHSP26-mCherry-tPMA1_biorep4,0.34786578057128653,3.4709144444444444
17,20201002-pro-mCherry-ter_swaps_n4,pHSP26-mCherry-tRPS13_biorep4,0.36396003981548725,3.191379537037036
18,20201002-pro-mCherry-ter_swaps_n4,pHSP26-mCherry-tRPS3_biorep4,0.3667276382224761,3.2591429629629625
19,20201002-pro-mCherry-ter_swaps_n4,pHSP26-mCherry-tSRO9_biorep4,0.35514488556135354,3.265498981481481
20,20201002-pro-mCherry-ter_swaps_n4,pHSP26-mCherry-tSUN4_biorep4,0.36600540972597195,2.9817306481481474
21,20201002-pro-mCherry-ter_swaps_n4,pPGK1-mCherry-tCLN2_biorep4,0.386972162729683,2.710667222222223
22,20201002-pro-mCherry-ter_swaps_n4,pPGK1-mCherry-tHSP26_biorep4,0.3828878471174203,2.801726759259259
23,20201002-pro-mCherry-ter_swaps_n4,pPGK1-mCherry-tPAB1_biorep4,0.3720118796729465,3.125732777777777
24,20201002-pro-mCherry-ter_swaps_n4,pPGK1-mCherry-tPGK1_biorep4,0.38645637490522994,3.352321018518519
25,20201002-pro-mCherry-ter_swaps_n4,pPGK1-mCherry-tPMA1_biorep4,0.3693131359785443,3.1257324074074067
26,20201002-pro-mCherry-ter_swaps_n4,pPGK1-mCherry-tRPS13_biorep4,0.3689069532074298,3.0494963888888886
27,20201002-pro-mCherry-ter_swaps_n4,pPGK1-mCherry-tRPS3_biorep4,0.37377416034976313,3.172320092592592
28,20201002-pro-mCherry-ter_swaps_n4,pPGK1-mCherry-tSRO9_biorep4,0.36699426787599493,3.0431448148148137
29,20201002-pro-mCherry-ter_swaps_n4,pPGK1-mCherry-tSUN4_biorep4,0.3453467724512132,3.185026018518518
30,20201002-pro-mCherry-ter_swaps_n4,pPGK1-mCherry-tTOS6_biorep4,0.3570365576807612,2.8123155555555552
31,20201002-pro-mCherry-ter_swaps_n4,pRPS13-mCherry-tCLN2_biorep4,0.3847897052404479,2.8398449074074072
32,20201002-pro-mCherry-ter_swaps_n4,pRPS13-mCherry-tHSP26_biorep4,0.3874296739059322,2.971142685185184
33,20201002-pro-mCherry-ter_swaps_n4,pRPS13-mCherry-tPAB1_biorep4,0.38177121669683234,3.000790462962962
34,20201002-pro-mCherry-ter_swaps_n4,pRPS13-mCherry-tPGK1_biorep4,0.38356670835469947,3.2782037037037037
35,20201002-pro-mCherry-ter_swaps_n4,pRPS13-mCherry-tPMA1_biorep4,0.386313190381349,2.9139646296296293
36,20201002-pro-mCherry-ter_swaps_n4,pRPS13-mCherry-tRPS13_biorep4,0.38091399569067946,3.1490264814814806
37,20201002-pro-mCherry-ter_swaps_n4,pRPS13-mCherry-tRPS3_biorep4,0.38752049685270507,2.9160820370370355
38,20201002-pro-mCherry-ter_swaps_n4,pRPS13-mCherry-tSRO9_biorep4,0.38116417451037937,3.017730555555555
39,20201002-pro-mCherry-ter_swaps_n4,pRPS13-mCherry-tSUN4_biorep4,0.3739332733697278,2.723374259259259
40,20201002-pro-mCherry-ter_swaps_n4,pRPS13-mCherry-tTOS6_biorep4,0.37082211063804094,2.765729722222222
41,20201002-pro-mCherry-ter_swaps_n4,pRPS3-mCherry-tCLN2_biorep4,0.3872192083446269,2.8737292592592585
42,20201002-pro-mCherry-ter_swaps_n4,pRPS3-mCherry-tHSP26_biorep4,0.37682304740228745,3.479380925925926
43,20201002-pro-mCherry-ter_swaps_n4,pRPS3-mCherry-tPAB1_biorep4,0.3872070334125417,3.0939681481481474
44,20201002-pro-mCherry-ter_swaps_n4,pRPS3-mCherry-tPGK1_biorep4,0.3965317455609307,2.949964444444443
45,20201002-pro-mCherry-ter_swaps_n4,pRPS3-mCherry-tPMA1_biorep4,0.3946226122313889,2.769963518518519
46,20201002-pro-mCherry-ter_swaps_n4,pRPS3-mCherry-tRPS13_biorep4,0.4003222421345496,2.992319814814814
47,20201002-pro-mCherry-ter_swaps_n4,pRPS3-mCherry-tRPS3_biorep4,0.3989946974086489,3.019849537037037
48,20201002-pro-mCherry-ter_swaps_n4,pRPS3-mCherry-tSRO9_biorep4,0.38602044709378286,2.8885527777777775
49,20201002-pro-mCherry-ter_swaps_n4,pRPS3-mCherry-tSUN4_biorep4,0.37680789036103035,2.941494722222222
50,20201002-pro-mCherry-ter_swaps_n4,pRPS3-mCherry-tTOS6_biorep4,0.3855462986639832,3.051615555555555
51,20201002-pro-mCherry-ter_swaps_n4,pSRO9-mCherry-tCLN2_biorep4,0.36649511074943464,2.9859651851851847
52,20201002-pro-mCherry-ter_swaps_n4,pSRO9-mCherry-tHSP26_biorep4,0.37002011893898723,2.841963055555555
53,20201002-pro-mCherry-ter_swaps_n4,pSRO9-mCherry-tPAB1_biorep4,0.36811470183732586,3.2951461111111104
54,20201002-pro-mCherry-ter_swaps_n4,pSRO9-mCherry-tPGK1_biorep4,0.37110001090985717,3.0389090740740734
55,20201002-pro-mCherry-ter_swaps_n4,pSRO9-mCherry-tPMA1_biorep4,0.35829546318015154,3.043144444444444
56,20201002-pro-mCherry-ter_swaps_n4,pSRO9-mCherry-tRPS13_biorep4,0.37908842266408316,2.901257592592592
57,20201002-pro-mCherry-ter_swaps_n4,pSRO9-mCherry-tRPS3_biorep4,0.36901770991738936,3.0918487037037035
58,20201002-pro-mCherry-ter_swaps_n4,pSRO9-mCherry-tSRO9_biorep4,0.36566026659286144,3.3734974074074073
59,20201002-pro-mCherry-ter_swaps_n4,pSRO9-mCherry-tSUN4_biorep4,0.351647768574833,3.254910462962963
60,20201002-pro-mCherry-ter_swaps_n4,pSRO9-mCherry-tTOS6_biorep4,0.35484688406877807,3.1829086111111105
0,20201014-pro-mCherry-ter_swaps_n5,POT1-ccdB_biorep5,0.3651105659851911,2.2684360185185186
1,20201014-pro-mCherry-ter_swaps_n5,null,,
2,20201014-pro-mCherry-ter_swaps_n5,pCLN2-mCherry-tCLN2_biorep5,0.3744411805372409,2.2514922222222222
3,20201014-pro-mCherry-ter_swaps_n5,pCLN2-mCherry-tHSP26_biorep5,0.37259664020572414,2.5649536111111115
4,20201014-pro-mCherry-ter_swaps_n5,pCLN2-mCherry-tPAB1_biorep5,0.3547602554485557,2.219723425925926
5,20201014-pro-mCherry-ter_swaps_n5,pCLN2-mCherry-tPGK1_biorep5,0.34781961371184233,2.2133682407407402
6,20201014-pro-mCherry-ter_swaps_n5,pCLN2-mCherry-tPMA1_biorep5,0.37286972215109754,2.3404467592592586
7,20201014-pro-mCherry-ter_swaps_n5,pCLN2-mCherry-tRPS13_biorep5,0.3466386800836828,2.4992950925925923
8,20201014-pro-mCherry-ter_swaps_n5,pCLN2-mCherry-tRPS3_biorep5,0.3444234653747727,2.5014140740740736
9,20201014-pro-mCherry-ter_swaps_n5,pCLN2-mCherry-tSRO9_biorep5,0.3456078364876393,2.3002059259259253
10,20201014-pro-mCherry-ter_swaps_n5,pCLN2-mCherry-tSUN4_biorep5,0.35413424705370583,2.2726725
11,20201014-pro-mCherry-ter_swaps_n5,pCLN2-mCherry-tTOS6_biorep5,0.33633712070641003,2.2006609259259258
12,20201014-pro-mCherry-ter_swaps_n5,pHSP26-mCherry-tCLN2_biorep5,0.32599217408013514,2.609434259259259
13,20201014-pro-mCherry-ter_swaps_n5,pHSP26-mCherry-tHSP26_biorep5,0.35160250923684266,2.9483162037037034
14,20201014-pro-mCherry-ter_swaps_n5,pHSP26-mCherry-tPAB1_biorep5,0.3508550692458601,2.9652609259259255
15,20201014-pro-mCherry-ter_swaps_n5,pHSP26-mCherry-tPGK1_biorep5,0.3438587940762634,2.7725189814814812
16,20201014-pro-mCherry-ter_swaps_n5,pHSP26-mCherry-tPMA1_biorep5,0.33159399213803625,2.7534571296296293
17,20201014-pro-mCherry-ter_swaps_n5,pHSP26-mCherry-tRPS13_biorep5,0.3492011538354967,3.026683148148148
18,20201014-pro-mCherry-ter_swaps_n5,pHSP26-mCherry-tRPS3_biorep5,0.3339998782749086,2.838178425925926
19,20201014-pro-mCherry-ter_swaps_n5,pHSP26-mCherry-tSRO9_biorep5,0.3307626437801446,2.5162414814814813
20,20201014-pro-mCherry-ter_swaps_n5,pHSP26-mCherry-tSUN4_biorep5,0.3346178253024764,2.5903699999999996
21,20201014-pro-mCherry-ter_swaps_n5,pHSP26-mCherry-tTOS6_biorep5,0.3493611150269077,2.2409029629629624
22,20201014-pro-mCherry-ter_swaps_n5,pPGK1-mCherry-tCLN2_biorep5,0.3535225206258667,2.26419824074074
23,20201014-pro-mCherry-ter_swaps_n5,pPGK1-mCherry-tHSP26_biorep5,0.37338984052093166,2.4950597222222215
24,20201014-pro-mCherry-ter_swaps_n5,pPGK1-mCherry-tPAB1_biorep5,0.360291343456778,2.5204758333333332
25,20201014-pro-mCherry-ter_swaps_n5,pPGK1-mCherry-tPGK1_biorep5,0.3398974494075422,2.4061053703703705
26,20201014-pro-mCherry-ter_swaps_n5,pPGK1-mCherry-tPMA1_biorep5,0.35395330692514876,2.4632899999999998
27,20201014-pro-mCherry-ter_swaps_n5,pPGK1-mCherry-tRPS13_biorep5,0.35666641906819385,2.6136679629629627
28,20201014-pro-mCherry-ter_swaps_n5,pPGK1-mCherry-tRPS3_biorep5,0.3339300032234325,2.6920336111111105
29,20201014-pro-mCherry-ter_swaps_n5,pPGK1-mCherry-tSRO9_biorep5,0.3507926129579805,2.571308981481481
30,20201014-pro-mCherry-ter_swaps_n5,pPGK1-mCherry-tSUN4_biorep5,0.34506029354012535,2.2514925
31,20201014-pro-mCherry-ter_swaps_n5,pPGK1-mCherry-tTOS6_biorep5,0.3435338827375116,2.4209290740740737
32,20201014-pro-mCherry-ter_swaps_n5,pRPS13-mCherry-tCLN2_biorep5,0.36374220701385385,2.268435277777778
33,20201014-pro-mCherry-ter_swaps_n5,pRPS13-mCherry-tHSP26_biorep5,0.36536654266103324,2.287498333333333
34,20201014-pro-mCherry-ter_swaps_n5,pRPS13-mCherry-tPAB1_biorep5,0.36483283069665184,2.5162392592592586
35,20201014-pro-mCherry-ter_swaps_n5,pRPS13-mCherry-tPGK1_biorep5,0.3681768317992675,2.2874977777777774
36,20201014-pro-mCherry-ter_swaps_n5,pRPS13-mCherry-tPMA1_biorep5,0.371854353058432,2.122295648148148
37,20201014-pro-mCherry-ter_swaps_n5,pRPS13-mCherry-tRPS13_biorep5,0.3715650599783464,2.2790254629629625
38,20201014-pro-mCherry-ter_swaps_n5,pRPS13-mCherry-tRPS3_biorep5,0.3562552918611195,2.541655555555555
39,20201014-pro-mCherry-ter_swaps_n5,pRPS13-mCherry-tSRO9_biorep5,0.3356206807498808,2.331975462962963
40,20201014-pro-mCherry-ter_swaps_n5,pRPS13-mCherry-tSUN4_biorep5,0.3447554152379453,2.249374259259259
41,20201014-pro-mCherry-ter_swaps_n5,pRPS13-mCherry-tTOS6_biorep5,0.3514982429317374,2.463291111111111
42,20201014-pro-mCherry-ter_swaps_n5,pRPS3-mCherry-tCLN2_biorep5,0.34676947714441964,2.243020185185185
43,20201014-pro-mCherry-ter_swaps_n5,pRPS3-mCherry-tHSP26_biorep5,0.3532050831293263,3.0118573148148147
44,20201014-pro-mCherry-ter_swaps_n5,pRPS3-mCherry-tPAB1_biorep5,0.3736304229792319,2.323503888888889
45,20201014-pro-mCherry-ter_swaps_n5,pRPS3-mCherry-tPGK1_biorep5,0.3662873477537951,2.312913796296296
46,20201014-pro-mCherry-ter_swaps_n5,pRPS3-mCherry-tPMA1_biorep5,0.37394691678261355,2.2599630555555557
47,20201014-pro-mCherry-ter_swaps_n5,pRPS3-mCherry-tRPS13_biorep5,0.3741076810443328,2.6454379629629625
48,20201014-pro-mCherry-ter_swaps_n5,pRPS3-mCherry-tRPS3_biorep5,0.37012796664930975,2.3023236111111105
49,20201014-pro-mCherry-ter_swaps_n5,pRPS3-mCherry-tSRO9_biorep5,0.3479936312270678,2.338328333333333
50,20201014-pro-mCherry-ter_swaps_n5,pRPS3-mCherry-tSUN4_biorep5,0.3681388589312563,2.38704212962963
51,20201014-pro-mCherry-ter_swaps_n5,pRPS3-mCherry-tTOS6_biorep5,0.3471965634977126,2.4590539814814814
52,20201014-pro-mCherry-ter_swaps_n5,pSRO9-mCherry-tCLN2_biorep5,0.3633279515547485,2.49506037037037
53,20201014-pro-mCherry-ter_swaps_n5,pSRO9-mCherry-tHSP26_biorep5,0.3405701578826625,2.33833074074074
54,20201014-pro-mCherry-ter_swaps_n5,pSRO9-mCherry-tPAB1_biorep5,0.34832803965257964,2.620023611111111
55,20201014-pro-mCherry-ter_swaps_n5,pSRO9-mCherry-tPGK1_biorep5,0.35564526350078857,2.7365125
56,20201014-pro-mCherry-ter_swaps_n5,pSRO9-mCherry-tPMA1_biorep5,0.3429271526928612,2.5691904629629625
57,20201014-pro-mCherry-ter_swaps_n5,pSRO9-mCherry-tRPS13_biorep5,0.3405347362177879,2.3362102777777776
58,20201014-pro-mCherry-ter_swaps_n5,pSRO9-mCherry-tRPS3_biorep5,0.33632895280244296,2.4378741666666666
59,20201014-pro-mCherry-ter_swaps_n5,pSRO9-mCherry-tSRO9_biorep5,0.3442047701357753,2.173127685185185
60,20201014-pro-mCherry-ter_swaps_n5,pSRO9-mCherry-tSUN4_biorep5,0.34495945378224424,2.594606574074074
61,20201014-pro-mCherry-ter_swaps_n5,pSRO9-mCherry-tTOS6_biorep5,0.33104701173665707,2.8297046296296298
0,20201027-pro-mCherry-ter_swaps_n6,POT1-ccdB_biorep6,0.40823808447556365,3.6797705555555558
1,20201027-pro-mCherry-ter_swaps_n6,null,,
2,20201027-pro-mCherry-ter_swaps_n6,pHSP26-mCherry-tCLN2_biorep6,0.3825952945703609,3.8787919444444445
3,20201027-pro-mCherry-ter_swaps_n6,pHSP26-mCherry-tCLN2_biorep7,0.3847736003563604,4.209081759259259
4,20201027-pro-mCherry-ter_swaps_n6,pHSP26-mCherry-tCLN2_biorep8,0.38024481186855374,4.245073888888888
5,20201027-pro-mCherry-ter_swaps_n6,pHSP26-mCherry-tHSP26_biorep6,0.3845190758167483,4.029117592592591
6,20201027-pro-mCherry-ter_swaps_n6,pHSP26-mCherry-tHSP26_biorep7,0.38860559684590334,4.098986296296296
7,20201027-pro-mCherry-ter_swaps_n6,pHSP26-mCherry-tHSP26_biorep8,0.37473393153760265,4.418687129629629
8,20201027-pro-mCherry-ter_swaps_n6,pHSP26-mCherry-tPAB1_biorep6,0.37792513905642144,4.012178796296295
9,20201027-pro-mCherry-ter_swaps_n6,pHSP26-mCherry-tPAB1_biorep7,0.36971930129718755,4.234487777777777
10,20201027-pro-mCherry-ter_swaps_n6,pHSP26-mCherry-tPAB1_biorep8,0.3887862171028215,4.3318789814814815
11,20201027-pro-mCherry-ter_swaps_n6,pHSP26-mCherry-tPGK1_biorep6,0.38556503183397,4.077813518518518
12,20201027-pro-mCherry-ter_swaps_n6,pHSP26-mCherry-tPGK1_biorep7,0.3774353907279602,4.0164129629629635
13,20201027-pro-mCherry-ter_swaps_n6,pHSP26-mCherry-tPGK1_biorep8,0.37272390332207495,4.202729814814814
14,20201027-pro-mCherry-ter_swaps_n6,pHSP26-mCherry-tPMA1_biorep6,0.38687169407186817,4.281066851851851
15,20201027-pro-mCherry-ter_swaps_n6,pHSP26-mCherry-tPMA1_biorep7,0.38330681441638775,4.06510935185185
16,20201027-pro-mCherry-ter_swaps_n6,pHSP26-mCherry-tPMA1_biorep8,0.38074926058119496,4.249308611111111
17,20201027-pro-mCherry-ter_swaps_n6,pHSP26-mCherry-tRPS13_biorep6,0.39808080796975226,4.024882314814814
18,20201027-pro-mCherry-ter_swaps_n6,pHSP26-mCherry-tRPS13_biorep7,0.37240038326882013,3.931722777777777
19,20201027-pro-mCherry-ter_swaps_n6,pHSP26-mCherry-tRPS13_biorep8,0.38867890623524753,4.2302540740740735
20,20201027-pro-mCherry-ter_swaps_n6,pHSP26-mCherry-tRPS3_biorep6,0.38211173525232844,4.130745092592592
21,20201027-pro-mCherry-ter_swaps_n6,pHSP26-mCherry-tRPS3_biorep7,0.3752943833166204,4.2154341666666655
22,20201027-pro-mCherry-ter_swaps_n6,pHSP26-mCherry-tRPS3_biorep8,0.367289084956821,4.399630185185185
23,20201027-pro-mCherry-ter_swaps_n6,pHSP26-mCherry-tSRO9_biorep6,0.38902806790718314,4.069342314814816
24,20201027-pro-mCherry-ter_swaps_n6,pHSP26-mCherry-tSRO9_biorep7,0.37915641573484743,4.052406944444443
25,20201027-pro-mCherry-ter_swaps_n6,pHSP26-mCherry-tSRO9_biorep8,0.3747380719180958,4.211199074074073
26,20201027-pro-mCherry-ter_swaps_n6,pHSP26-mCherry-tSUN4_biorep6,0.3907569211619173,4.128627037037037
27,20201027-pro-mCherry-ter_swaps_n6,pHSP26-mCherry-tSUN4_biorep7,0.3762527026435633,4.039701666666666
28,20201027-pro-mCherry-ter_swaps_n6,pHSP26-mCherry-tSUN4_biorep8,0.378496363071282,4.118041018518518
29,20201027-pro-mCherry-ter_swaps_n6,pHSP26-mCherry-tTOS6_biorep6,0.37337285970507117,3.427820092592592
30,20201027-pro-mCherry-ter_swaps_n6,pHSP26-mCherry-tTOS6_biorep7,0.37080932112729664,3.605667777777777
31,20201027-pro-mCherry-ter_swaps_n6,pHSP26-mCherry-tTOS6_biorep8,0.3701352843405902,3.654363981481481
32,20201027-pro-mCherry-ter_swaps_n6,pHSP26-mCherry-tTOS6_biorep9,0.37378163775222945,3.3219589814814805
33,20201027-pro-mCherry-ter_swaps_n6,pPGK1-mCherry-tCLN2_biorep6,0.3828766519385662,3.775046666666666
34,20201027-pro-mCherry-ter_swaps_n6,pPGK1-mCherry-tHSP26_biorep6,0.39025390199432,3.89361287037037
35,20201027-pro-mCherry-ter_swaps_n6,pPGK1-mCherry-tPAB1_biorep6,0.38734910771795006,3.8618540740740737
36,20201027-pro-mCherry-ter_swaps_n6,pPGK1-mCherry-tPGK1_biorep6,0.3826450532564064,4.0015925
37,20201027-pro-mCherry-ter_swaps_n6,pPGK1-mCherry-tPMA1_biorep6,0.3844085917949358,3.7581085185185197
38,20201027-pro-mCherry-ter_swaps_n6,pPGK1-mCherry-tRPS13_biorep6,0.38069123201502186,3.8131564814814807
39,20201027-pro-mCherry-ter_swaps_n6,pPGK1-mCherry-tRPS3_biorep6,0.3726963635394997,3.694591203703703
40,20201027-pro-mCherry-ter_swaps_n6,pPGK1-mCherry-tSRO9_biorep6,0.38995791624004994,3.9592473148148137
41,20201027-pro-mCherry-ter_swaps_n6,pPGK1-mCherry-tSUN4_biorep6,0.36376610746450955,3.8809099074074065
42,20201027-pro-mCherry-ter_swaps_n6,pPGK1-mCherry-tTOS6_biorep6,0.36616643287113265,3.8999642592592583
43,20201027-pro-mCherry-ter_swaps_n6,pRPS13-mCherry-tCLN2_biorep6,0.40551478043633016,3.7538741666666664
44,20201027-pro-mCherry-ter_swaps_n6,pRPS13-mCherry-tHSP26_biorep6,0.4015484191746893,3.664949907407407
45,20201027-pro-mCherry-ter_swaps_n6,pRPS13-mCherry-tPAB1_biorep6,0.41130872213944364,3.745404444444444
46,20201027-pro-mCherry-ter_swaps_n6,pRPS13-mCherry-tPGK1_biorep6,0.40642251525418865,3.789866388888888
47,20201027-pro-mCherry-ter_swaps_n6,pRPS13-mCherry-tPMA1_biorep6,0.40121481211610005,3.7644602777777774
48,20201027-pro-mCherry-ter_swaps_n6,pRPS13-mCherry-tRPS13_biorep6,0.4022394571584207,3.6522455555555546
49,20201027-pro-mCherry-ter_swaps_n6,pRPS13-mCherry-tRPS3_biorep6,0.39057076237340616,3.5908464814814813
50,20201027-pro-mCherry-ter_swaps_n6,pRPS13-mCherry-tSRO9_biorep6,0.38753459786148325,3.86397111111111
51,20201027-pro-mCherry-ter_swaps_n6,pRPS13-mCherry-tSUN4_biorep6,0.39140094083163246,3.889378148148148
52,20201027-pro-mCherry-ter_swaps_n6,pRPS13-mCherry-tTOS6_biorep6,0.38302878588662553,3.8787924999999994
53,20201027-pro-mCherry-ter_swaps_n6,pRPS3-mCherry-tCLN2_biorep6_biorep6,0.42315807161661323,3.679769814814815
54,20201027-pro-mCherry-ter_swaps_n6,pRPS3-mCherry-tHSP26_biorep6,0.4003264207453397,4.187908425925925
55,20201027-pro-mCherry-ter_swaps_n6,pRPS3-mCherry-tPAB1_biorep6,0.41103149225523916,3.6395420370370375
56,20201027-pro-mCherry-ter_swaps_n6,pRPS3-mCherry-tPGK1_biorep6,0.41447940046710646,3.73058324074074
57,20201027-pro-mCherry-ter_swaps_n6,pRPS3-mCherry-tPMA1_biorep6,0.4186864600736617,3.633190648148148
58,20201027-pro-mCherry-ter_swaps_n6,pRPS3-mCherry-tRPS13_biorep6,0.4185343977205015,3.641659814814814
59,20201027-pro-mCherry-ter_swaps_n6,pRPS3-mCherry-tRPS3_biorep6,0.4176783618051331,3.751756574074073
60,20201027-pro-mCherry-ter_swaps_n6,pRPS3-mCherry-tSRO9_biorep6,0.4024971404260963,3.5379155555555553
61,20201027-pro-mCherry-ter_swaps_n6,pRPS3-mCherry-tSUN4_biorep6,0.4039379479868705,3.63530787037037
62,20201027-pro-mCherry-ter_swaps_n6,pRPS3-mCherry-tTOS6_biorep6,0.4023398805290989,3.8470335185185185
