Gene	Position_from_stop_codon	pRPS3_tRPS3_WT_1	pRPS3_tRPS3_WT_2	pRPS3_tRPS3_mod_NNN_1	pRPS3_tRPS3_mod_NNN_2	pRPS3_tRPS3_mod_NAA_1	pRPS3_tRPS3_mod_NAA_2	pRPS3_tRPS3_mod_HTH_1	pRPS3_tRPS3_mod_HTH_2	pTSA1_tTSA1_WT_1	pTSA1_tTSA1_WT_2	pTSA1_tTSA1_mod_NNN_1	pTSA1_tTSA1_mod_NNN_2	pTSA1_tTSA1_mod_NAA_1	pTSA1_tTSA1_mod_NAA_2	pTSA1_tTSA1_mod_HTH_1	pTSA1_tTSA1_mod_HTH_2	POT1_ccdB_1	POT1_ccdB_2	pRPS3_tRPS3_mod_NTN_1	pRPS3_tRPS3_mod_NTN_2	pTSA1_tTSA1_mod_NTN_1	pTSA1_tTSA1_mod_NTN_2	pPGK1_tRPS3_WT_1	pPGK1_tRPS3_WT_2	pPGK1_tRPS3_mod_NNN_1	pPGK1_tRPS3_mod_NNN_2	pPGK1_tRPS3_mod_NTN_1	pPGK1_tRPS3_mod_NTN_2	pPGK1_tRPS3_mod_NAA_1	pPGK1_tRPS3_mod_NAA_2	pPGK1_tRPS3_mod_HTH_1	pPGK1_tRPS3_mod_HTH_2	pRPS3_tRPS3_mod_NNN_3	pRPS3_tRPS3_mod_NNN_4
PGK1	1	0	0	0	0	0	0	0	0	0	0	0	0	0	0	0	0	0	0	0	0	0	0	0	0	0	0	0	0	0	0	0	0	0	0
PGK1	2	0	0	0	0	0	0	0	0	0	0	0	0	0	0	0	0	0	0	0	0	0	0	0	0	0	0	0	0	0	0	0	0	0	0
PGK1	3	0	0	0	0	0	0	0	0	0	0	0	0	0	0	0	0	0	0	0	0	0	0	0	0	0	0	0	0	0	0	0	0	0	0
PGK1	4	0	0	0	0	1	0	0	0	1	0	0	0	1	0	0	0	0	0	0	0	0	0	0	1	0	0	1	0	0	3	0	1	0	0
PGK1	5	0	0	0	0	0	0	0	0	0	0	0	0	0	0	0	0	0	0	0	0	0	0	0	0	0	0	0	0	0	0	0	0	0	0
PGK1	6	0	0	0	0	0	0	0	0	0	0	0	0	0	0	0	0	0	0	0	0	0	0	0	0	0	0	0	0	0	0	0	0	0	0
PGK1	7	0	0	0	0	0	0	0	0	0	0	0	0	0	0	0	0	0	0	0	0	0	0	0	0	0	0	0	0	0	0	0	0	0	0
PGK1	8	0	0	0	0	0	0	0	0	0	0	0	0	0	0	0	0	0	0	0	0	0	0	0	0	0	0	0	0	0	0	0	0	0	0
PGK1	9	0	0	0	1	0	0	0	0	0	0	0	0	0	0	0	0	0	0	0	0	0	0	0	0	0	0	1	0	1	0	0	0	0	0
PGK1	10	0	0	0	0	0	0	0	0	0	0	0	0	0	0	0	0	0	0	0	0	0	0	0	0	0	0	0	0	0	0	0	0	0	0
PGK1	11	0	0	0	0	0	0	0	0	0	0	0	0	0	0	0	0	0	0	0	0	0	0	0	0	0	0	0	0	0	0	0	0	0	0
PGK1	12	0	0	0	0	0	0	0	0	0	0	0	0	0	0	0	0	0	0	0	0	0	0	0	0	0	0	0	0	0	0	0	0	0	0
PGK1	13	0	0	0	0	0	0	0	1	0	0	0	0	0	0	1	0	0	0	0	0	0	0	0	0	0	0	0	0	0	0	0	0	0	0
PGK1	14	0	0	0	0	0	0	0	0	0	0	0	0	0	0	0	1	0	0	0	0	0	0	0	0	0	0	0	0	0	0	0	0	0	0
PGK1	15	0	0	0	0	0	0	0	0	0	0	0	0	0	0	0	0	0	0	0	0	0	0	0	0	0	0	0	0	0	0	0	0	0	0
PGK1	16	0	0	0	0	0	0	0	0	0	0	0	0	0	0	0	0	0	0	0	0	0	0	0	0	0	0	0	0	0	0	0	0	0	0
PGK1	17	0	0	0	0	0	0	0	0	0	0	0	0	0	0	0	0	0	0	0	0	0	0	0	0	0	0	0	0	0	0	0	0	0	0
PGK1	18	0	0	0	0	0	0	0	0	0	0	0	0	0	0	0	0	0	0	0	0	0	0	0	0	0	0	0	0	1	0	0	0	0	0
PGK1	19	0	0	0	0	0	0	0	0	0	0	0	0	0	0	0	0	0	0	0	0	0	0	0	0	0	0	0	0	0	0	0	0	0	0
PGK1	20	0	0	0	0	0	0	0	0	0	0	0	0	0	0	0	0	1	0	0	0	0	0	0	0	0	0	0	0	0	0	0	0	0	0
PGK1	21	0	0	0	0	0	0	0	0	0	0	0	0	0	0	0	0	0	0	0	0	0	0	0	0	0	0	0	0	0	0	0	0	0	0
PGK1	22	0	0	0	0	0	0	0	0	0	0	0	0	0	0	0	0	0	0	0	0	0	0	0	0	0	0	0	0	0	0	0	0	0	0
PGK1	23	0	0	0	0	0	0	0	0	0	0	0	0	0	0	0	0	0	0	0	0	0	0	0	0	0	0	0	0	0	0	0	0	0	0
PGK1	24	0	0	0	0	0	0	0	0	0	0	0	0	0	0	0	0	0	0	0	0	0	0	0	0	0	0	0	1	0	1	0	0	0	0
PGK1	25	0	0	0	0	0	0	0	0	0	0	0	0	0	0	0	0	0	0	0	0	0	0	0	0	0	0	0	0	0	0	0	0	0	0
PGK1	26	0	0	0	0	0	0	0	0	0	0	0	0	0	0	0	0	0	0	0	0	0	0	0	0	0	0	0	0	0	1	0	0	0	0
PGK1	27	0	1	1	0	0	0	0	1	0	0	0	0	0	0	2	1	1	0	0	0	0	0	0	0	0	0	1	0	0	0	0	0	0	0
PGK1	28	0	0	0	0	0	0	0	0	0	0	0	0	0	0	0	0	0	0	0	0	0	0	0	0	0	0	0	0	0	0	0	0	0	0
PGK1	29	0	0	0	0	0	0	0	0	0	0	0	0	0	0	0	0	0	0	0	0	0	0	0	0	0	0	0	0	0	0	0	0	0	0
PGK1	30	0	0	0	0	0	0	0	0	0	0	0	0	0	0	0	0	0	0	0	0	0	0	0	0	0	0	0	0	0	0	0	0	0	0
PGK1	31	0	0	0	0	0	0	0	0	0	0	0	0	0	0	0	0	0	0	0	0	0	0	0	0	0	0	0	0	0	0	0	0	0	0
PGK1	32	0	0	0	0	0	0	0	0	0	0	0	0	0	0	0	0	0	0	0	0	0	0	0	0	0	0	0	0	0	0	0	0	0	0
PGK1	33	0	0	0	0	0	0	0	0	0	0	0	0	0	0	0	0	0	0	0	0	0	0	0	0	0	0	0	0	0	0	0	0	0	0
PGK1	34	0	0	0	0	0	0	0	0	0	0	0	0	0	0	0	0	0	0	0	0	0	0	0	0	0	0	0	0	0	0	1	0	0	0
PGK1	35	0	0	0	0	0	0	0	0	0	0	0	0	0	0	0	0	0	0	0	0	0	1	0	0	0	1	0	0	0	0	0	0	0	0
PGK1	36	0	0	0	0	0	0	0	0	0	0	0	0	0	0	1	0	0	0	0	0	0	0	0	0	0	0	0	0	0	0	0	0	0	0
PGK1	37	1	0	0	0	0	1	0	0	0	0	0	0	0	0	0	0	0	0	0	1	1	0	0	0	0	1	0	0	0	0	0	0	0	0
PGK1	38	0	0	0	0	0	0	0	0	0	0	0	0	0	0	0	0	0	0	0	0	0	0	0	0	0	0	0	0	0	0	0	0	0	0
PGK1	39	0	0	0	0	0	0	0	0	0	0	0	0	0	0	0	0	0	0	0	0	0	0	0	0	0	0	0	0	0	0	0	0	0	0
PGK1	40	0	0	0	0	0	1	0	0	0	0	0	0	0	0	0	0	0	0	0	0	0	0	0	0	0	0	0	0	0	0	0	0	0	0
PGK1	41	0	0	0	0	0	0	0	0	0	0	0	0	0	0	0	0	0	0	0	0	0	0	0	0	0	0	0	0	0	0	0	1	0	0
PGK1	42	0	0	0	0	0	0	0	0	0	0	0	0	0	0	0	0	0	0	0	0	0	0	0	0	0	0	0	0	0	0	0	0	2	0
PGK1	43	0	0	0	0	0	0	0	0	0	0	0	0	0	0	0	0	0	0	0	0	0	0	0	0	0	0	0	0	0	0	0	0	0	0
PGK1	44	0	0	0	0	0	0	1	0	0	0	1	0	0	0	0	0	0	1	0	0	0	0	0	0	0	1	0	1	0	0	1	0	0	0
PGK1	45	0	0	0	0	0	0	0	0	0	0	0	0	0	0	0	0	0	0	0	0	0	1	0	0	0	0	0	0	0	0	0	0	0	0
PGK1	46	0	0	0	0	0	0	0	0	0	0	0	0	0	0	0	0	0	0	0	0	1	0	0	0	0	0	0	0	0	0	0	0	0	0
PGK1	47	0	0	0	0	0	0	0	0	0	0	0	0	0	0	1	0	0	0	0	0	0	0	0	0	0	0	2	0	0	0	0	0	0	0
PGK1	48	0	0	0	0	0	0	0	0	0	0	0	0	0	0	0	0	0	0	0	0	1	0	0	0	0	0	0	0	0	0	0	0	0	0
PGK1	49	0	0	0	0	0	0	0	0	0	0	0	0	0	0	0	0	0	0	0	0	0	0	0	0	0	0	0	0	0	0	0	0	0	0
PGK1	50	0	0	0	0	0	0	0	0	0	0	0	0	0	0	0	0	0	0	0	0	0	0	0	0	0	0	0	0	0	0	0	0	0	0
PGK1	51	0	0	0	0	0	0	0	0	0	0	0	0	0	0	0	0	0	1	0	0	0	0	0	0	0	0	0	0	0	0	0	0	0	0
PGK1	52	0	0	0	0	0	0	0	0	0	0	0	0	0	0	0	0	0	0	0	0	0	0	0	0	0	0	0	0	0	0	0	0	0	0
PGK1	53	0	0	0	0	0	0	0	0	0	0	0	0	0	0	0	0	0	0	0	0	0	0	0	0	0	0	0	0	0	0	0	0	0	0
PGK1	54	0	1	0	0	0	0	0	0	0	0	0	0	0	0	0	0	0	0	0	0	0	0	0	0	0	0	0	0	0	0	0	2	0	0
PGK1	55	0	0	0	0	0	0	0	0	0	0	0	1	0	0	0	1	1	0	0	0	0	0	0	0	0	0	0	0	0	0	0	0	0	0
PGK1	56	0	0	0	0	0	0	0	0	0	0	0	0	0	0	0	0	0	0	0	0	0	0	0	0	0	0	0	0	0	0	0	0	0	0
PGK1	57	0	0	0	0	0	0	0	0	0	0	0	0	0	0	0	0	0	0	0	0	0	0	0	0	0	0	0	0	0	0	0	0	0	0
PGK1	58	0	1	0	0	0	0	0	0	0	0	0	0	0	0	0	0	0	0	0	0	0	0	0	0	0	3	0	0	0	0	0	0	0	0
PGK1	59	0	0	0	0	0	0	0	0	0	0	0	0	0	0	0	0	0	0	0	0	0	0	0	0	0	0	0	0	0	0	0	0	0	0
PGK1	60	0	0	0	0	0	0	0	0	0	0	0	0	0	0	0	0	0	0	0	0	0	0	0	0	0	0	0	0	0	0	0	0	0	0
PGK1	61	0	0	0	0	0	0	1	0	0	0	0	0	0	0	0	0	0	0	0	0	0	0	0	0	0	0	0	0	0	0	0	0	0	0
PGK1	62	0	0	0	0	0	0	0	0	0	0	0	0	0	0	0	0	0	1	0	0	0	0	0	0	0	0	0	0	0	0	0	0	0	0
PGK1	63	0	0	1	0	0	0	1	1	1	0	0	0	0	1	0	0	1	0	2	0	0	0	0	5	1	0	0	0	1	1	2	2	0	0
PGK1	64	0	0	0	0	0	0	0	0	0	0	0	0	0	0	0	0	0	0	0	0	0	0	0	0	0	0	0	0	0	0	0	0	0	0
PGK1	65	0	0	0	0	0	0	0	0	0	0	0	0	0	0	0	0	0	0	0	0	0	0	0	0	0	0	0	0	0	0	0	0	0	0
PGK1	66	0	0	0	0	0	0	0	0	0	0	0	0	0	0	0	0	0	0	0	0	0	0	0	0	0	0	0	0	0	0	0	0	0	0
PGK1	67	0	0	0	0	0	0	0	0	0	0	0	0	0	0	0	0	0	0	0	0	0	0	0	0	0	0	0	0	0	0	0	0	0	0
PGK1	68	0	0	0	0	0	0	0	0	0	0	0	0	0	0	0	0	0	0	0	0	0	0	1	0	0	0	0	0	0	0	0	0	0	0
PGK1	69	0	0	0	0	0	0	0	0	0	0	0	0	0	0	0	0	0	0	0	0	0	0	0	0	0	0	0	0	0	0	0	0	0	0
PGK1	70	0	0	0	0	0	0	0	0	0	0	0	0	0	0	0	0	0	0	0	0	0	0	0	0	0	0	0	0	0	0	0	0	0	0
PGK1	71	0	0	0	0	0	0	0	0	0	0	0	0	0	0	0	0	0	0	0	0	0	0	0	0	0	0	0	0	0	0	0	0	0	0
PGK1	72	0	0	0	0	0	0	0	0	0	0	0	0	0	0	0	0	0	0	0	0	0	0	0	0	0	0	0	0	0	0	0	0	0	0
PGK1	73	0	0	0	0	0	0	0	0	0	0	0	0	0	0	0	0	0	0	0	0	0	0	0	0	0	0	0	0	0	0	0	0	0	0
PGK1	74	0	0	0	0	0	0	0	0	0	0	0	0	0	0	0	0	0	0	0	0	0	0	0	0	0	0	0	0	0	0	0	0	0	0
PGK1	75	0	0	0	0	0	0	0	0	0	0	0	0	0	0	0	0	0	0	0	0	0	0	0	0	0	0	0	0	0	0	0	0	0	0
PGK1	76	0	0	0	0	0	0	0	0	0	0	1	0	0	0	0	0	0	0	0	0	0	0	0	1	0	0	0	0	0	0	0	0	0	0
PGK1	77	0	0	0	0	0	0	0	0	0	0	0	0	0	0	0	0	0	0	0	0	0	0	0	0	0	1	0	0	0	0	0	0	0	0
PGK1	78	0	0	0	0	0	0	0	0	0	0	0	0	0	0	0	0	0	0	0	1	0	0	0	0	0	0	0	0	0	1	0	0	0	0
PGK1	79	0	0	0	0	0	0	0	0	0	0	0	0	0	0	0	0	0	0	0	0	0	0	0	0	0	0	0	1	0	0	0	0	0	0
PGK1	80	1	0	0	1	0	1	1	0	1	0	2	0	1	0	2	1	3	0	0	0	4	1	1	2	1	0	2	0	0	3	1	0	1	0
PGK1	81	7	3	5	6	4	4	2	2	4	2	5	13	9	1	5	8	8	7	4	5	9	7	6	4	5	5	3	6	5	8	2	2	2	2
PGK1	82	0	0	0	0	0	0	0	0	0	1	0	1	0	1	2	1	1	1	0	0	1	3	0	0	0	4	1	0	1	0	0	2	0	1
PGK1	83	0	0	0	0	0	0	0	0	0	0	0	0	0	1	0	0	0	0	0	0	0	0	0	0	0	0	0	0	0	2	0	1	0	0
PGK1	84	0	0	0	0	0	0	0	0	0	0	0	3	1	0	0	0	1	0	0	0	2	1	3	0	0	1	0	0	0	0	0	2	0	1
PGK1	85	2	2	2	4	5	1	2	2	0	1	3	4	5	5	0	0	3	2	2	0	7	1	3	1	0	3	1	1	0	1	2	2	3	3
PGK1	86	0	1	0	1	0	1	1	0	2	0	0	2	0	0	0	0	0	0	0	0	0	1	2	0	0	0	0	1	2	0	0	0	0	0
PGK1	87	1	1	0	1	3	1	1	0	0	1	0	4	3	2	6	2	3	1	1	0	7	1	1	0	1	0	1	2	0	1	1	1	1	0
PGK1	88	1	1	3	1	1	3	6	4	2	3	1	8	7	7	5	6	5	4	2	2	13	4	3	3	1	3	1	4	4	1	6	3	2	6
PGK1	89	8	2	9	5	13	8	18	15	13	12	14	24	20	13	16	20	20	15	12	9	25	16	17	5	12	16	13	14	13	13	18	14	9	12
PGK1	90	0	1	0	0	1	0	2	0	0	0	0	0	1	0	0	0	3	0	0	0	1	1	2	0	0	2	0	0	0	1	0	1	0	0
PGK1	91	0	1	0	1	0	0	0	1	0	1	0	1	0	0	0	0	0	0	0	0	1	0	0	0	0	1	0	1	0	1	0	0	0	0
PGK1	92	0	0	0	0	0	0	0	0	0	0	1	0	0	0	0	0	0	0	0	1	2	0	0	0	0	0	0	0	0	0	0	0	0	0
PGK1	93	0	0	0	0	0	0	0	0	0	0	0	0	0	0	0	0	0	0	1	0	0	0	0	0	0	0	0	0	0	0	0	0	0	0
PGK1	94	0	0	0	0	0	0	0	0	0	0	0	0	0	0	0	0	0	0	0	0	0	0	0	0	0	0	0	0	0	0	0	0	0	0
PGK1	95	1	0	0	0	0	0	0	0	0	0	0	0	0	1	0	0	0	0	0	0	0	0	1	0	0	0	0	0	0	0	0	0	0	0
PGK1	96	0	0	1	0	0	0	1	0	0	1	0	1	0	0	0	0	0	1	0	0	0	0	1	0	0	0	0	0	0	0	0	0	0	0
PGK1	97	0	0	0	0	0	0	0	0	0	0	0	0	0	0	0	0	0	0	0	0	0	0	0	0	0	0	0	0	0	0	0	0	0	0
PGK1	98	0	0	1	0	0	0	0	3	0	0	0	2	1	0	0	0	0	1	0	0	0	0	1	0	0	0	0	1	0	0	0	0	0	0
PGK1	99	1	0	1	0	1	1	3	3	0	1	1	1	1	0	2	0	1	0	1	1	1	1	0	1	1	2	0	1	0	0	1	0	0	1
PGK1	100	0	0	0	0	0	0	0	0	0	0	0	0	0	1	0	0	0	0	0	1	0	0	0	0	0	0	0	0	0	0	0	0	0	0
PGK1	101	0	0	0	0	0	0	0	0	0	0	0	0	0	0	1	1	0	0	0	0	0	0	0	0	0	0	0	0	0	0	1	0	0	0
PGK1	102	0	0	1	0	0	0	0	1	0	0	0	1	0	0	0	0	0	0	0	0	0	0	0	0	0	0	0	0	0	0	0	0	0	0
PGK1	103	1	0	0	0	0	1	2	0	0	0	0	0	2	1	0	0	2	2	1	0	1	0	0	1	0	1	1	0	0	0	0	0	0	0
PGK1	104	0	0	0	0	0	0	0	0	0	0	0	0	0	0	0	0	0	0	0	0	0	0	0	2	0	0	0	0	0	0	0	0	0	0
PGK1	105	0	0	0	0	0	0	0	0	0	0	0	1	0	2	0	0	2	0	0	0	0	0	1	0	0	0	0	0	0	0	0	0	0	0
PGK1	106	0	0	0	0	0	0	0	0	0	0	0	0	0	0	0	0	0	0	0	0	0	0	0	0	0	0	0	0	0	0	0	0	0	0
PGK1	107	0	0	0	0	0	0	0	0	0	0	0	0	0	1	0	0	0	0	0	0	0	0	1	0	0	0	0	0	0	0	0	0	0	0
PGK1	108	0	0	0	0	0	0	0	0	0	0	0	0	0	0	0	0	0	0	0	0	0	0	0	0	0	0	0	0	0	0	0	0	0	0
PGK1	109	0	0	0	0	0	1	0	0	0	0	0	0	0	0	1	0	0	0	0	0	1	0	0	0	0	0	0	0	0	0	0	0	0	2
PGK1	110	0	1	0	0	1	2	0	0	1	1	0	4	0	1	0	1	4	3	0	1	3	0	1	1	0	0	0	2	0	1	1	0	0	0
PGK1	111	0	0	0	0	1	0	1	0	0	0	0	0	1	0	3	0	2	0	0	0	0	0	0	0	0	0	2	1	0	0	0	0	1	1
PGK1	112	0	0	0	0	0	0	1	0	0	0	1	0	0	0	0	0	0	0	0	0	0	0	0	0	0	0	0	0	0	0	0	0	0	0
PGK1	113	0	0	0	1	1	1	2	1	0	0	0	3	1	1	0	3	3	0	0	0	0	0	0	2	1	1	0	1	0	0	1	0	1	1
PGK1	114	0	0	0	0	0	0	0	0	0	0	0	0	0	0	0	0	0	0	0	0	0	0	0	1	0	0	0	0	0	0	0	0	0	0
PGK1	115	0	0	1	1	1	0	0	4	1	0	2	6	0	3	2	0	3	0	0	1	1	1	0	0	0	1	0	1	0	0	0	0	0	1
PGK1	116	0	0	0	0	0	0	1	0	0	1	0	0	0	0	0	0	2	0	0	1	2	0	0	0	0	0	0	0	0	0	0	0	1	0
PGK1	117	0	0	0	0	1	0	2	3	0	3	0	0	1	1	0	0	1	0	0	0	1	0	0	0	0	0	1	0	0	0	0	1	0	0
PGK1	118	1	0	0	0	0	0	0	0	1	0	0	0	0	0	0	0	0	0	0	1	1	0	1	0	0	0	0	0	0	0	0	0	0	0
PGK1	119	0	0	2	1	2	0	2	1	1	0	0	4	1	0	0	1	0	0	0	0	5	2	1	0	0	1	0	0	1	0	0	0	2	2
PGK1	120	0	0	0	0	1	0	0	0	0	0	0	0	0	0	0	0	0	0	0	0	0	0	0	0	0	0	0	0	0	0	0	0	0	0
PGK1	121	0	0	0	0	1	0	0	0	1	0	1	2	1	2	2	0	2	2	0	0	2	0	0	1	0	0	0	0	0	0	1	0	0	0
PGK1	122	1	0	0	0	1	2	5	4	3	3	0	4	2	0	1	2	13	2	0	0	5	1	1	0	2	1	1	1	0	0	0	1	0	2
PGK1	123	0	0	0	0	1	0	0	0	0	0	0	1	0	0	0	0	0	0	0	1	1	1	0	0	0	0	0	0	0	0	0	0	0	0
PGK1	124	0	0	0	1	1	3	1	3	0	1	0	1	1	0	1	0	1	2	0	2	1	1	0	0	1	0	0	0	0	0	0	0	0	0
PGK1	125	0	1	1	1	1	1	3	4	3	1	1	4	0	2	1	3	5	1	3	2	1	0	0	4	1	1	0	1	1	0	0	1	2	4
PGK1	126	0	0	0	0	0	0	1	0	0	0	0	0	0	0	0	0	0	0	0	0	0	0	0	0	0	0	0	0	0	0	0	0	0	1
PGK1	127	1	0	0	0	0	2	0	2	0	1	0	2	0	0	1	0	2	0	0	1	3	1	0	0	0	1	0	0	0	0	0	1	0	3
PGK1	128	0	1	2	1	0	0	1	1	0	0	0	0	0	0	0	0	0	0	0	0	1	0	0	0	0	0	0	0	0	0	0	0	0	1
PGK1	129	0	1	1	2	4	0	1	3	1	0	0	6	0	0	2	1	3	0	0	3	1	0	0	2	0	0	0	0	0	0	0	0	1	3
PGK1	130	0	0	0	0	1	0	0	0	0	1	0	0	1	0	0	1	1	0	0	0	0	1	0	0	0	0	1	1	0	0	0	0	0	0
PGK1	131	1	1	0	0	0	1	0	1	0	0	0	1	0	1	0	1	1	0	0	0	0	0	0	0	0	0	0	0	0	0	0	0	0	1
PGK1	132	2	4	1	1	1	2	1	3	2	0	1	3	5	0	1	1	2	4	0	1	1	0	1	1	1	1	0	1	0	0	0	1	0	1
PGK1	133	0	1	1	0	2	2	1	0	0	1	0	1	1	0	1	4	3	2	0	1	1	0	0	0	0	0	1	0	1	0	0	0	0	0
PGK1	134	0	1	0	0	2	2	1	1	3	1	3	3	0	3	0	3	6	2	0	1	4	1	0	0	0	1	0	1	0	0	1	0	1	2
PGK1	135	4	9	3	4	12	13	12	14	11	7	2	11	8	8	6	7	18	9	5	18	24	10	0	6	0	4	3	6	2	0	1	4	4	11
PGK1	136	31	49	22	23	41	56	31	73	52	28	9	94	22	55	27	30	132	62	20	36	81	18	6	11	4	32	5	16	5	0	15	15	8	64
PGK1	137	0	3	1	0	1	2	1	5	0	1	0	3	1	0	0	0	2	2	1	3	1	0	1	2	1	1	0	2	0	0	0	1	0	1
PGK1	138	4	3	2	3	6	10	3	8	6	5	1	10	3	7	7	3	13	4	5	5	21	2	0	3	2	2	1	1	1	0	3	2	0	10
PGK1	139	3	10	5	9	10	11	7	22	10	10	2	28	7	21	14	7	44	7	1	18	25	10	1	0	1	4	2	6	1	0	2	4	2	28
PGK1	140	57	97	65	70	160	119	116	226	113	79	19	201	46	121	51	79	297	113	53	104	199	50	23	31	12	74	20	39	22	1	42	36	34	156
PGK1	141	2	3	0	1	12	8	5	7	7	4	0	10	2	6	0	4	13	7	1	2	14	4	4	2	1	2	2	4	2	0	2	2	1	11
PGK1	142	27	25	14	26	54	43	40	72	55	29	14	96	30	62	41	41	139	66	25	69	99	38	15	12	12	37	7	13	4	1	21	25	13	87
PGK1	143	192	306	106	208	473	356	318	684	311	199	39	620	130	342	168	188	864	331	111	314	564	111	64	105	38	158	83	102	42	9	110	88	95	478
PGK1	144	6	7	5	4	12	9	20	14	8	5	2	16	8	11	9	8	44	14	1	12	21	9	0	6	1	2	2	4	1	0	4	4	1	31
PGK1	145	9	11	6	15	20	21	14	33	17	11	3	38	15	22	13	13	44	27	11	24	67	8	6	7	4	16	5	8	6	0	10	10	2	37
PGK1	146	53	102	46	69	176	136	99	245	122	82	17	260	53	182	65	86	313	120	26	103	225	50	31	45	10	59	21	36	16	1	45	43	41	190
PGK1	147	1	1	0	0	2	0	1	8	3	0	0	5	0	4	1	1	5	2	1	0	7	1	0	2	1	1	0	0	1	0	0	0	0	7
PGK1	148	2	2	0	0	3	3	7	7	8	3	0	4	0	6	1	3	8	4	2	2	5	2	1	0	0	0	1	0	0	0	1	0	0	5
PGK1	149	4	23	7	11	33	22	18	29	12	17	4	42	7	21	11	8	44	11	9	18	29	5	6	7	2	4	0	2	1	1	6	7	6	15
PGK1	150	0	2	0	0	0	0	1	7	0	1	0	4	1	4	1	0	4	1	0	1	5	0	0	1	1	1	0	0	0	0	0	0	0	1
PGK1	151	1	1	1	0	3	0	1	1	1	0	0	2	0	3	0	1	1	1	1	1	1	3	0	0	0	0	0	1	0	0	0	0	0	1
PGK1	152	0	0	1	2	2	0	1	1	2	1	1	5	0	3	1	0	3	3	0	1	6	4	1	0	0	0	0	0	0	0	0	0	1	3
PGK1	153	1	10	0	0	9	4	2	12	2	3	0	14	1	6	1	5	11	5	1	4	5	3	0	2	0	4	0	1	0	0	2	4	2	11
PGK1	154	19	52	9	28	76	58	59	142	67	43	2	157	21	101	43	43	197	74	20	80	140	23	7	20	2	37	10	30	9	0	24	22	17	119
PGK1	155	142	408	78	197	505	449	297	959	391	186	25	762	79	510	102	150	1006	364	78	360	572	106	45	87	26	158	59	67	42	8	95	90	79	610
PGK1	156	6	22	4	7	33	28	19	54	26	10	1	62	5	48	18	5	81	24	12	22	49	13	3	7	3	7	0	4	1	1	3	2	10	46
PGK1	157	84	177	63	117	336	271	173	448	382	164	37	750	110	748	158	226	782	263	78	342	852	208	38	95	26	142	30	72	22	11	76	68	64	571
PGK1	158	511	1542	293	847	2228	1809	916	3927	1890	903	116	3703	405	3573	533	674	3371	1065	285	1164	2331	541	196	365	130	506	211	248	155	80	375	292	313	2473
PGK1	159	5	10	4	6	15	9	7	24	19	5	0	31	5	45	6	12	46	16	2	12	33	7	2	5	2	8	6	1	1	1	2	4	2	22
PGK1	160	4	11	4	7	20	16	9	37	20	11	1	40	1	38	9	12	45	18	4	17	41	8	3	5	1	7	2	2	1	2	4	4	3	28
PGK1	161	1	9	2	5	6	7	6	15	14	3	3	29	4	21	6	10	30	10	3	3	20	4	1	1	1	3	5	1	2	1	4	3	3	27
PGK1	162	3	4	3	4	21	3	4	12	11	6	1	17	2	23	5	8	19	12	5	8	21	5	1	0	1	1	0	5	0	0	4	2	1	11
PGK1	163	1	3	1	7	5	6	0	12	4	4	0	17	0	14	1	6	11	3	0	5	7	2	1	5	0	2	0	0	1	0	3	1	4	8
PGK1	164	0	5	1	2	4	5	1	10	7	2	0	13	4	11	3	0	9	4	2	5	6	0	0	4	0	2	1	0	1	0	1	0	0	8
PGK1	165	1	5	0	0	7	4	5	8	3	2	0	13	0	13	3	1	7	4	1	4	6	0	0	1	0	0	1	0	0	0	0	1	0	8
PGK1	166	0	4	3	1	12	4	1	4	4	0	0	4	1	10	2	1	6	2	0	4	9	2	0	0	1	1	1	0	1	0	0	0	0	4
PGK1	167	2	5	1	1	8	6	5	27	8	5	0	11	1	28	0	2	20	1	2	8	8	3	1	4	2	0	1	0	1	0	2	2	2	18
PGK1	168	0	0	0	0	0	0	0	0	0	0	0	0	0	1	0	0	0	0	0	0	0	0	0	0	0	0	0	0	0	0	0	0	0	0
PGK1	169	0	0	0	0	0	0	0	0	0	0	0	0	0	0	0	0	0	0	0	0	0	0	0	0	0	0	0	0	0	0	0	0	0	2
PGK1	170	0	0	0	0	1	0	0	0	0	0	0	0	0	0	0	0	0	0	0	0	0	0	0	0	0	0	0	0	0	0	0	0	0	1
PGK1	171	0	0	0	0	0	1	0	0	0	0	0	0	1	0	0	0	1	0	0	0	0	0	0	0	0	0	0	0	0	0	0	0	0	0
PGK1	172	0	0	0	0	0	0	0	0	0	0	0	1	0	0	0	0	0	0	0	0	0	0	0	0	0	0	0	0	0	0	0	0	0	0
PGK1	173	0	0	0	0	0	0	0	0	0	0	0	0	0	0	0	0	0	0	0	0	1	0	0	0	0	0	0	0	0	0	0	0	0	0
PGK1	174	0	0	0	0	1	0	0	3	0	0	0	0	0	1	0	0	0	0	0	0	0	0	0	0	0	0	0	0	0	0	0	0	0	0
PGK1	175	0	0	0	0	0	0	0	0	0	0	0	0	0	0	0	0	0	0	0	0	0	0	0	0	0	0	0	0	0	0	0	0	0	0
PGK1	176	0	0	0	0	1	0	0	0	0	0	0	0	0	0	0	0	0	0	0	0	1	0	0	0	0	0	0	0	0	0	0	0	0	0
PGK1	177	1	1	0	0	0	0	0	0	0	0	0	0	0	0	0	0	0	0	0	0	0	0	0	0	0	0	0	0	1	0	0	0	0	1
PGK1	178	0	0	0	0	0	0	0	0	0	0	0	0	0	0	0	0	0	0	0	0	0	0	0	0	0	0	0	0	0	0	0	0	0	0
PGK1	179	0	0	0	0	1	0	0	0	0	0	0	0	0	1	0	0	1	0	0	0	0	0	0	0	0	0	0	0	0	0	0	0	0	1
PGK1	180	0	1	0	0	1	1	0	3	2	0	0	1	0	2	0	1	1	0	0	0	3	0	0	0	0	0	1	0	0	0	0	0	0	0
PGK1	181	1	4	1	0	3	6	1	11	5	2	0	13	5	10	2	2	8	2	1	2	2	2	2	1	0	2	2	2	0	1	1	1	1	6
PGK1	182	0	0	0	0	0	0	0	0	0	0	0	1	0	2	0	0	0	0	0	0	0	0	0	0	0	0	0	0	0	0	0	0	0	0
PGK1	183	0	0	0	0	0	1	0	0	0	0	1	1	0	0	0	0	0	0	0	0	0	0	0	0	0	0	0	1	0	0	0	0	0	0
PGK1	184	0	0	0	0	0	0	0	0	0	0	0	0	0	0	0	0	0	0	0	0	0	0	0	0	0	0	0	0	0	0	0	0	0	0
PGK1	185	0	0	0	0	0	0	0	0	0	0	0	0	0	0	0	0	0	0	0	0	0	0	0	0	0	0	0	0	0	0	0	0	0	0
PGK1	186	0	0	0	0	0	0	0	0	0	0	0	0	0	0	0	0	0	0	0	0	1	0	0	0	0	0	0	0	0	0	0	0	0	0
PGK1	187	0	0	0	0	0	0	0	0	0	0	0	0	0	1	0	0	0	0	0	0	0	0	0	0	0	0	0	0	0	0	0	0	0	0
PGK1	188	0	0	0	0	0	0	0	0	0	0	0	0	0	0	0	0	0	0	0	0	0	0	0	0	0	0	0	0	0	0	0	0	0	0
PGK1	189	0	0	0	0	0	0	0	0	0	1	0	0	0	0	0	0	0	0	0	0	0	0	0	0	0	0	0	0	0	0	0	0	0	0
PGK1	190	0	0	0	0	0	0	0	1	0	0	0	0	0	0	0	0	0	0	0	0	1	0	0	0	0	0	0	0	0	0	0	0	0	0
PGK1	191	0	0	0	0	0	0	0	0	0	0	0	0	0	0	0	0	0	0	0	0	0	0	0	0	0	0	0	0	0	0	0	0	0	0
PGK1	192	0	0	0	0	0	0	0	0	0	0	0	1	0	0	0	0	0	0	0	0	0	0	0	0	0	0	0	0	0	0	0	0	0	0
PGK1	193	0	0	0	0	0	0	0	0	0	0	0	0	0	0	0	0	0	0	0	0	0	0	0	0	0	0	0	0	0	0	0	0	0	0
PGK1	194	0	0	0	0	0	0	0	0	0	0	0	0	0	0	0	0	0	0	0	0	0	0	0	0	0	0	0	0	0	0	0	0	0	0
PGK1	195	0	0	0	0	0	0	0	0	0	0	0	0	0	0	0	0	0	0	0	0	0	0	0	0	0	0	0	0	0	0	0	0	0	0
PGK1	196	0	0	0	0	0	0	0	0	0	0	0	0	0	0	1	0	0	0	0	0	0	0	0	0	0	0	0	0	0	0	0	0	0	0
PGK1	197	0	0	0	0	0	0	0	0	0	0	0	0	0	0	0	0	1	0	0	0	0	0	0	0	0	0	0	0	0	0	0	0	0	0
PGK1	198	0	0	0	0	0	0	0	0	0	0	0	0	0	0	0	0	0	0	0	0	0	0	0	0	0	0	0	0	0	0	0	0	0	0
PGK1	199	0	0	0	0	0	0	0	0	0	0	0	0	0	0	0	0	0	0	0	0	0	0	0	0	0	0	0	0	0	0	0	0	0	0
PGK1	200	0	0	0	0	0	0	0	0	0	0	0	0	0	0	0	0	0	0	0	0	0	0	0	0	0	0	0	0	0	0	0	0	0	0
RPS3	1	0	0	0	0	0	0	0	0	0	0	0	0	0	0	0	0	0	0	0	0	0	0	0	0	0	0	0	0	0	0	0	0	0	0
RPS3	2	0	0	0	0	0	0	0	0	0	0	0	0	0	0	0	0	0	0	0	0	0	0	0	0	0	0	0	0	0	0	0	0	0	0
RPS3	3	0	0	0	0	0	0	0	2	0	0	0	0	0	0	0	0	0	0	0	0	0	0	0	0	0	0	0	0	0	0	0	0	0	0
RPS3	4	0	0	0	0	0	0	0	0	0	0	0	0	0	0	0	0	0	0	0	0	0	0	0	0	0	0	0	0	0	0	0	0	0	0
RPS3	5	0	0	0	0	0	0	0	0	0	0	0	0	0	0	0	0	0	0	0	0	0	0	0	0	0	0	0	0	0	0	0	0	0	0
RPS3	6	0	0	0	0	0	0	0	0	0	0	0	0	0	0	0	0	0	0	0	0	0	0	0	0	0	0	0	0	0	0	0	0	0	0
RPS3	7	0	0	0	0	0	0	0	0	0	0	0	0	0	0	0	0	0	0	0	0	0	0	0	0	0	0	0	0	0	0	0	0	0	0
RPS3	8	0	0	0	0	0	0	0	0	0	0	0	0	0	0	0	0	0	0	0	0	0	0	0	0	0	0	0	0	0	0	0	0	0	0
RPS3	9	0	0	0	0	0	0	0	0	0	0	0	0	0	0	0	0	0	0	0	0	0	0	0	0	0	0	0	0	0	0	0	0	0	0
RPS3	10	0	0	0	0	0	0	0	0	0	0	0	0	0	0	0	0	0	0	0	0	0	0	0	0	0	0	0	0	0	0	0	0	0	0
RPS3	11	1	0	0	0	0	0	0	0	0	0	0	0	0	0	0	0	0	0	0	0	0	0	1	0	0	0	0	0	0	0	0	0	0	0
RPS3	12	0	0	0	0	0	0	0	0	0	0	0	0	0	0	0	0	0	0	0	0	0	0	0	0	0	0	0	0	0	0	0	0	0	0
RPS3	13	0	0	0	0	0	0	0	0	0	0	0	0	0	0	0	0	0	0	0	0	0	0	0	0	0	0	0	0	0	0	0	0	0	0
RPS3	14	0	0	0	0	0	0	0	0	0	0	0	0	0	0	0	0	0	0	0	0	0	0	0	0	0	0	0	0	0	0	0	0	0	0
RPS3	15	0	0	0	0	0	0	0	0	1	0	0	0	0	0	0	0	0	0	0	0	0	0	0	0	0	0	0	0	0	0	0	0	0	0
RPS3	16	0	0	0	0	0	0	0	0	0	0	0	0	0	0	0	0	0	0	0	0	0	0	0	0	0	0	0	0	0	0	0	0	0	0
RPS3	17	0	0	0	0	0	0	0	0	0	0	0	0	0	0	0	0	1	0	0	0	0	0	0	0	0	0	0	0	0	0	0	0	0	0
RPS3	18	0	0	0	0	0	0	0	0	0	0	0	0	0	0	0	0	0	0	0	0	0	0	0	0	0	0	0	0	0	0	0	0	0	0
RPS3	19	0	0	0	0	0	0	0	0	0	0	0	0	0	0	0	0	0	0	1	0	0	0	0	0	0	0	0	0	0	0	0	1	0	0
RPS3	20	0	0	0	0	0	0	0	0	0	0	0	0	0	0	0	0	0	0	0	0	0	0	0	0	0	0	0	0	0	0	0	0	0	0
RPS3	21	0	0	0	0	0	0	0	0	0	0	0	0	0	0	0	0	0	0	0	0	0	0	0	0	0	0	0	0	0	0	0	0	0	0
RPS3	22	0	0	0	0	0	0	0	0	0	0	0	0	0	0	0	0	0	0	0	0	0	0	0	0	0	0	0	0	0	0	0	0	0	0
RPS3	23	0	0	0	0	0	0	0	0	0	0	0	0	1	0	0	0	0	1	0	0	0	0	0	0	0	0	0	0	0	0	1	0	0	0
RPS3	24	0	0	0	0	0	0	0	0	0	0	0	0	0	0	0	0	0	0	0	0	0	0	0	0	0	0	0	0	0	0	0	0	0	0
RPS3	25	0	0	0	0	0	0	0	0	0	0	0	0	0	0	0	0	0	0	0	0	0	0	0	0	0	0	0	0	0	0	0	0	0	0
RPS3	26	0	0	0	0	0	0	0	0	0	0	0	0	0	0	0	0	0	0	0	0	0	0	0	0	0	0	0	0	0	0	0	0	0	0
RPS3	27	0	0	0	0	0	1	0	0	0	0	0	0	0	1	0	0	0	0	0	0	0	0	0	0	0	0	0	0	0	0	0	0	0	0
RPS3	28	0	0	0	0	0	0	0	0	0	0	0	0	0	0	0	0	0	0	0	0	0	0	0	0	0	0	0	0	0	0	0	0	0	0
RPS3	29	0	0	0	0	0	0	0	0	0	0	0	0	0	0	0	0	0	0	0	0	0	0	0	0	0	0	0	0	0	0	0	0	0	0
RPS3	30	0	0	0	0	0	0	0	0	0	0	0	0	0	0	0	1	0	0	0	0	0	0	0	0	0	0	0	0	0	0	0	0	0	0
RPS3	31	0	0	0	0	0	0	0	0	0	0	0	0	0	0	0	0	0	0	0	0	0	0	0	0	0	0	0	0	0	0	0	0	0	0
RPS3	32	0	0	0	0	0	0	0	0	0	0	0	0	0	0	0	0	0	0	0	0	0	0	0	0	0	0	0	0	0	0	0	0	0	0
RPS3	33	0	0	0	0	0	0	0	1	0	0	0	1	0	0	0	1	0	0	0	0	0	0	0	1	0	0	0	1	0	1	0	0	0	0
RPS3	34	0	0	0	0	0	0	0	0	0	0	0	0	1	1	0	0	0	0	0	0	0	2	0	0	0	0	0	0	0	0	0	0	0	0
RPS3	35	0	0	0	0	0	0	0	0	0	0	0	0	0	0	0	0	0	0	0	0	0	0	0	0	0	0	0	0	0	0	0	0	0	0
RPS3	36	0	0	0	0	2	1	0	0	1	0	2	1	3	0	0	0	2	1	2	0	3	1	0	1	0	3	1	0	1	2	2	1	0	3
RPS3	37	0	0	0	0	0	0	0	0	0	0	0	0	0	0	0	0	0	0	1	0	0	0	0	0	0	0	0	0	0	0	0	0	0	0
RPS3	38	0	0	1	2	0	0	0	0	0	0	0	1	2	1	0	0	1	0	1	0	0	0	0	1	1	1	0	1	0	2	1	0	0	0
RPS3	39	0	1	1	1	1	2	3	0	1	3	2	8	7	3	5	2	5	1	0	1	6	1	3	3	1	2	3	4	2	1	1	1	1	0
RPS3	40	0	0	0	0	0	0	0	0	0	0	0	1	1	0	1	0	2	0	0	0	0	0	0	1	0	1	0	1	0	0	0	1	1	0
RPS3	41	0	0	1	0	0	2	0	0	0	0	2	2	0	0	0	1	0	0	0	2	0	0	1	0	1	0	0	0	0	0	0	0	0	1
RPS3	42	0	0	0	1	0	1	0	0	0	0	0	1	1	0	1	0	2	0	0	0	1	0	0	0	0	0	0	0	0	0	0	0	0	0
RPS3	43	2	1	1	1	2	1	3	0	2	1	0	3	4	0	1	0	1	2	4	0	2	3	1	0	1	1	0	1	0	0	2	0	4	3
RPS3	44	1	0	1	0	1	0	0	0	1	1	0	2	4	0	0	0	0	0	3	0	0	1	0	1	1	0	1	0	0	0	1	1	0	0
RPS3	45	2	2	1	1	1	4	4	2	1	1	1	6	5	1	0	0	2	2	1	1	7	3	1	1	0	1	2	0	0	1	1	0	1	2
RPS3	46	16	20	10	14	18	23	16	12	14	20	9	51	19	21	15	27	38	22	14	8	39	19	13	11	6	10	9	16	8	1	12	11	17	24
RPS3	47	3	2	3	2	6	2	4	4	3	4	4	15	13	7	5	7	4	1	3	8	26	9	4	5	1	2	2	6	4	4	9	9	4	11
RPS3	48	196	225	222	283	320	286	269	235	299	228	160	696	493	297	408	430	490	254	237	289	684	352	245	213	144	269	136	258	146	149	296	241	204	314
RPS3	49	325	344	370	358	441	450	436	342	370	315	283	955	714	370	559	589	682	354	288	383	931	447	372	302	313	372	282	314	231	260	450	388	260	446
RPS3	50	17	13	20	12	12	22	12	10	18	14	11	41	30	12	24	42	22	20	17	25	53	29	17	16	5	9	9	15	11	7	15	21	18	15
RPS3	51	9	4	4	11	7	8	8	6	9	8	3	21	16	14	9	12	21	10	11	6	15	10	3	13	7	5	3	11	3	3	9	5	5	14
RPS3	52	3	6	4	6	3	8	4	5	3	5	7	10	10	1	6	8	13	4	3	4	18	8	3	4	1	4	3	4	3	3	5	4	3	2
RPS3	53	182	200	198	212	237	217	242	195	204	160	163	523	461	222	366	345	367	211	198	238	541	282	225	176	122	199	141	238	170	129	245	228	153	260
RPS3	54	264	243	268	265	339	339	346	284	269	229	241	749	589	258	449	453	508	291	285	308	712	318	348	257	231	274	227	268	213	206	385	286	188	304
RPS3	55	8	7	7	5	11	8	5	12	19	7	2	19	16	13	17	18	19	12	12	16	32	21	13	12	8	14	3	10	5	7	8	11	5	22
RPS3	56	30	36	25	42	44	48	46	47	44	36	28	124	98	40	81	68	66	37	47	51	146	70	47	36	26	37	32	29	19	38	53	33	27	49
RPS3	57	49	42	55	45	61	53	71	63	69	63	70	168	171	100	159	143	160	104	86	100	243	119	63	48	55	70	45	58	39	65	72	74	50	102
RPS3	58	101	98	128	134	151	161	171	138	171	133	145	403	405	184	303	290	265	152	159	185	469	262	183	130	111	139	105	155	105	137	207	157	124	210
RPS3	59	409	454	506	497	541	612	556	479	518	437	486	1409	1134	531	832	916	916	462	502	523	1295	575	607	368	413	501	461	487	388	438	724	554	383	531
RPS3	60	14	15	10	17	14	13	15	12	30	21	22	61	54	11	45	33	58	21	27	37	63	41	17	16	10	18	9	20	10	22	25	23	18	26
RPS3	61	16	14	19	28	30	28	22	17	21	24	18	42	54	24	37	39	45	32	24	24	68	38	21	22	19	17	17	20	17	13	28	18	8	26
RPS3	62	84	90	102	117	141	137	111	126	170	114	93	401	241	172	223	297	235	165	141	173	383	217	129	80	95	128	76	139	62	81	128	123	90	200
RPS3	63	476	388	563	579	660	659	686	569	587	506	595	1481	1336	559	931	929	1020	542	603	571	1528	737	730	463	484	568	503	483	433	560	744	604	360	570
RPS3	64	3	5	4	1	3	3	3	5	6	1	5	14	14	7	11	14	11	10	8	4	14	9	6	4	6	6	6	3	2	7	7	7	5	9
RPS3	65	13	12	13	11	19	8	15	10	28	7	25	48	54	17	40	39	44	16	20	24	60	42	24	25	25	26	18	30	9	27	18	16	10	28
RPS3	66	2	0	0	1	0	1	1	0	0	0	1	2	1	1	1	3	2	0	0	0	3	1	0	1	0	2	0	0	0	1	0	1	0	1
RPS3	67	0	0	0	0	0	0	0	0	0	0	0	0	0	0	0	0	0	0	0	0	0	0	0	0	0	0	0	2	0	0	1	0	0	0
RPS3	68	0	2	0	1	3	1	0	1	0	0	3	1	4	2	2	1	0	0	0	0	0	0	1	1	0	1	0	0	0	1	2	3	0	0
RPS3	69	0	0	0	0	0	0	0	0	0	0	0	1	0	0	0	1	0	0	0	0	1	0	0	0	0	0	0	0	0	0	0	0	0	1
RPS3	70	0	0	0	1	0	0	1	0	0	0	1	0	0	0	0	1	0	0	0	0	0	1	0	0	0	0	0	0	1	0	1	0	0	0
RPS3	71	0	0	0	0	0	0	0	0	1	0	0	0	0	0	1	0	0	0	0	0	1	0	0	0	0	0	0	1	1	0	0	0	0	0
RPS3	72	0	0	0	0	0	0	0	0	0	0	0	0	0	0	1	0	0	0	0	0	0	1	0	0	0	0	0	0	0	0	0	0	0	0
RPS3	73	0	0	0	0	0	0	0	1	0	0	0	0	0	0	0	0	0	0	0	1	0	0	0	0	0	0	0	1	0	0	1	0	0	1
RPS3	74	0	0	0	0	0	0	0	0	1	0	0	1	1	0	1	0	2	0	0	1	1	0	1	0	0	1	0	0	0	0	1	0	2	1
RPS3	75	0	0	0	0	0	0	0	0	0	0	0	0	0	1	0	1	0	0	0	0	0	0	0	0	0	0	0	0	0	1	0	0	0	1
RPS3	76	0	0	0	0	0	0	1	0	0	0	0	0	0	0	0	0	0	0	1	0	0	0	0	0	0	0	0	0	0	0	0	0	0	0
RPS3	77	0	1	0	0	0	0	0	0	0	0	0	1	0	0	0	0	0	1	0	0	0	0	1	0	0	0	0	0	0	0	0	0	0	1
RPS3	78	0	0	0	0	1	0	0	1	1	0	0	0	1	0	1	0	0	0	0	0	0	0	1	0	0	0	0	1	1	0	0	0	0	0
RPS3	79	0	0	0	0	0	0	1	0	1	3	1	2	0	0	0	0	1	0	1	0	0	0	2	1	0	0	0	3	0	0	0	1	0	0
RPS3	80	0	0	0	1	1	3	2	0	1	1	2	1	0	1	2	1	5	4	1	1	3	1	2	0	0	0	0	2	1	1	2	2	1	4
RPS3	81	2	7	3	7	8	3	7	6	7	3	3	9	4	4	8	4	8	4	2	6	13	8	9	6	2	5	3	9	1	4	13	1	4	5
RPS3	82	4	8	8	5	6	2	9	4	6	2	4	14	16	6	11	12	12	7	3	10	13	5	13	5	6	1	2	5	4	6	4	10	4	9
RPS3	83	0	0	0	0	1	0	0	0	0	0	0	0	0	0	0	1	0	0	0	0	1	1	0	0	0	0	0	1	0	1	2	1	0	1
RPS3	84	0	1	2	0	1	0	0	0	0	1	0	0	3	0	1	1	2	0	1	0	0	1	1	0	0	0	0	0	0	0	0	0	1	0
RPS3	85	0	0	0	0	0	0	0	0	0	0	0	0	0	0	0	0	0	0	0	0	0	0	0	0	0	0	0	0	0	1	0	0	0	0
RPS3	86	0	0	0	0	0	0	0	0	0	0	0	0	0	0	0	0	0	0	0	0	0	0	0	0	0	0	0	0	0	0	0	0	0	0
RPS3	87	0	0	1	0	0	0	0	0	0	0	0	0	1	0	0	0	0	0	0	0	0	0	0	0	0	0	0	0	0	0	0	0	0	0
RPS3	88	0	0	0	0	0	0	0	0	0	0	0	0	0	0	0	0	0	0	0	0	0	0	0	0	0	0	0	0	0	0	0	0	0	0
RPS3	89	0	0	0	0	0	0	0	0	1	0	0	0	0	0	0	0	0	1	0	0	0	0	0	0	0	0	0	0	0	0	0	0	0	0
RPS3	90	0	1	0	0	0	0	2	1	0	0	0	1	1	0	0	1	2	0	0	0	0	1	0	0	0	1	0	1	0	1	0	0	1	1
RPS3	91	0	0	2	0	1	0	0	0	1	0	0	1	1	0	1	0	1	0	0	0	0	1	1	0	0	0	0	0	1	0	0	0	1	0
RPS3	92	0	0	0	0	0	0	1	0	0	0	0	0	0	0	0	0	0	0	0	0	0	0	1	0	0	0	0	0	0	0	0	0	0	0
RPS3	93	1	0	0	0	0	0	0	1	0	0	0	2	0	1	0	0	1	1	0	1	1	1	0	0	0	0	0	0	0	0	0	0	0	0
RPS3	94	0	0	0	0	0	0	0	0	0	0	0	1	2	0	1	0	0	0	0	0	0	0	0	0	0	0	0	1	0	0	0	0	0	0
RPS3	95	0	0	0	0	0	0	0	0	0	0	0	1	1	1	1	2	0	0	0	0	0	0	1	0	0	0	0	0	0	0	0	0	0	0
RPS3	96	0	1	0	0	0	0	1	0	1	0	0	0	0	0	0	1	1	0	0	0	0	0	0	0	0	0	0	0	0	0	1	0	0	0
RPS3	97	0	0	0	0	0	0	0	0	0	0	0	0	1	0	0	0	0	0	0	0	0	0	0	0	0	0	0	0	0	0	0	0	0	0
RPS3	98	0	0	0	0	0	0	0	0	0	0	0	0	0	0	0	0	1	0	0	0	0	0	0	0	0	0	0	0	0	1	0	1	0	0
RPS3	99	0	0	0	0	0	0	0	0	0	0	0	0	0	0	0	0	0	0	0	0	0	1	0	0	0	0	0	0	0	0	0	0	0	0
RPS3	100	1	1	0	1	4	0	1	3	1	2	1	1	1	0	0	2	2	1	1	0	1	1	1	1	0	0	1	1	0	0	0	1	0	0
RPS3	101	0	0	0	0	0	0	0	0	0	0	0	0	0	0	0	0	0	0	0	0	0	0	0	0	0	0	0	0	0	0	0	0	0	0
RPS3	102	0	0	0	0	0	0	0	0	0	0	0	1	0	0	0	0	1	0	0	0	0	0	0	0	0	0	0	0	0	0	0	0	0	0
RPS3	103	0	0	0	0	0	0	0	0	0	0	0	0	0	0	0	0	0	0	0	0	0	1	0	0	0	0	0	0	0	0	0	0	0	0
RPS3	104	0	0	0	0	0	0	0	0	0	0	0	0	0	0	0	0	0	0	0	0	0	0	0	0	0	0	0	0	0	0	0	0	0	0
RPS3	105	0	0	0	0	0	0	0	0	0	0	0	0	0	0	0	0	0	0	0	0	0	0	0	0	0	0	0	0	0	0	0	0	0	0
RPS3	106	0	0	0	0	0	1	0	0	0	0	0	1	0	0	0	0	0	0	0	0	0	0	0	0	0	0	0	0	0	0	0	0	0	0
RPS3	107	0	0	0	0	0	0	0	0	0	0	0	0	0	0	0	0	0	0	0	0	0	0	0	0	0	0	0	0	0	0	1	0	0	0
RPS3	108	0	0	0	0	0	0	0	0	0	0	0	0	0	0	0	0	0	0	0	0	0	0	0	0	0	0	0	0	0	0	0	0	0	0
RPS3	109	0	0	0	0	0	0	0	0	0	0	0	0	0	0	0	0	0	0	0	0	0	0	0	0	0	0	0	0	0	0	0	0	0	0
RPS3	110	0	0	0	0	0	0	0	0	0	0	0	0	0	0	0	0	0	1	0	0	0	0	0	0	0	0	0	0	0	0	0	1	0	0
RPS3	111	0	0	0	0	0	0	0	0	0	0	0	0	1	0	0	0	0	0	0	0	0	0	0	0	0	0	0	0	0	0	0	0	0	0
RPS3	112	0	0	0	0	0	0	0	0	0	0	0	0	0	0	0	0	0	0	0	0	0	0	0	0	0	0	0	0	0	0	0	0	0	0
RPS3	113	0	0	0	0	0	0	0	0	0	0	0	0	0	0	0	0	0	0	0	0	0	0	1	0	0	0	0	0	0	0	0	0	0	0
RPS3	114	0	0	0	0	0	0	0	0	0	0	1	0	0	0	0	0	0	0	0	0	1	0	0	0	0	0	0	0	0	0	0	0	0	0
RPS3	115	0	0	0	0	0	0	0	0	0	0	0	0	0	0	1	0	2	1	0	0	1	0	1	0	0	0	0	0	0	2	0	1	0	0
RPS3	116	2	0	0	0	2	0	1	1	0	0	0	0	3	0	0	0	1	0	0	0	0	2	1	0	0	0	0	0	0	0	0	1	0	0
RPS3	117	0	0	0	0	0	0	0	0	0	0	0	0	0	0	0	0	0	0	0	0	0	0	0	0	0	0	0	0	0	0	0	0	0	0
RPS3	118	0	0	0	0	0	0	0	0	0	0	0	0	0	0	0	0	0	0	0	0	0	0	0	0	0	0	0	0	0	0	0	0	0	0
RPS3	119	0	0	0	0	1	0	0	0	0	0	0	1	0	0	0	0	0	0	0	0	1	0	0	0	0	0	0	0	0	0	0	0	0	0
RPS3	120	0	0	1	1	0	0	0	0	0	0	1	2	0	2	0	1	0	0	0	0	1	0	1	2	0	0	0	0	0	0	0	0	0	0
RPS3	121	0	0	0	0	0	0	0	0	0	0	0	0	0	0	0	0	0	0	0	0	0	0	0	0	0	0	0	0	0	0	0	0	0	0
RPS3	122	0	0	0	0	0	0	0	1	0	0	0	1	0	0	0	1	0	0	1	0	2	0	1	0	0	0	0	0	0	0	1	1	0	0
RPS3	123	0	0	0	0	0	0	1	0	1	1	2	2	2	0	1	1	0	0	0	0	0	2	0	0	0	0	0	0	0	1	1	0	0	0
RPS3	124	0	0	0	0	0	0	0	0	0	0	0	2	0	0	0	0	0	0	0	1	1	0	1	0	0	0	0	0	0	0	0	0	0	1
RPS3	125	0	0	0	0	0	0	0	0	0	0	0	1	3	0	1	1	1	3	0	2	2	1	1	1	0	0	1	0	0	0	1	0	0	0
RPS3	126	1	0	1	0	0	1	1	0	0	2	0	6	1	2	4	1	4	2	0	0	5	0	2	2	0	1	1	0	0	0	1	1	0	0
RPS3	127	1	0	0	0	0	0	0	0	1	0	0	3	1	0	1	2	3	2	1	0	3	1	0	1	0	0	0	1	0	0	0	0	1	1
RPS3	128	2	0	2	1	2	0	0	1	7	6	6	17	15	7	11	12	11	3	1	2	23	12	7	1	1	2	3	0	0	1	3	0	1	2
RPS3	129	3	4	0	1	7	1	4	2	4	6	6	15	12	4	10	7	10	13	0	3	14	10	4	2	0	2	3	2	4	5	1	0	3	2
RPS3	130	0	0	0	0	0	0	0	0	0	0	0	0	2	0	0	0	0	0	0	0	0	0	0	0	0	0	0	0	0	0	0	0	0	0
RPS3	131	0	0	0	0	0	0	0	0	0	0	0	1	0	0	0	0	2	0	0	0	0	0	0	0	0	0	0	0	0	0	0	0	0	0
RPS3	132	0	0	0	0	0	0	0	1	0	0	0	2	2	0	2	0	1	0	0	0	1	1	1	0	0	0	0	0	0	0	0	0	0	0
RPS3	133	0	0	0	0	0	0	0	0	2	0	1	1	0	0	0	0	0	0	0	0	2	2	0	0	0	0	0	0	0	1	0	0	0	0
RPS3	134	0	0	0	0	2	0	0	1	0	2	2	3	3	1	1	4	2	1	1	0	2	0	1	0	2	2	0	0	0	2	1	0	1	0
RPS3	135	0	0	0	0	1	0	0	0	0	0	0	0	1	1	0	0	0	0	0	0	1	0	0	0	0	0	0	0	0	0	0	0	0	0
RPS3	136	0	0	0	0	0	0	0	0	0	0	1	0	2	0	0	0	0	0	0	0	2	0	0	0	0	0	0	0	0	0	0	0	0	0
RPS3	137	0	1	0	0	0	0	0	0	0	0	0	0	0	0	0	1	1	0	0	1	1	0	0	0	0	1	0	0	0	0	0	0	0	0
RPS3	138	0	0	1	0	0	0	0	0	0	1	0	2	0	0	2	2	4	0	0	1	1	1	0	1	0	0	0	0	0	0	0	0	0	0
RPS3	139	0	0	0	0	0	0	0	0	0	1	1	2	0	0	0	3	2	0	0	0	1	0	0	3	1	1	0	0	0	1	1	0	0	0
RPS3	140	0	0	0	0	0	0	0	0	0	0	0	2	1	0	1	0	0	1	0	1	2	1	1	0	0	0	1	0	0	1	0	1	0	0
RPS3	141	0	0	0	0	0	0	2	0	3	0	2	7	4	0	5	4	4	0	1	0	5	2	2	0	0	1	0	0	1	0	1	0	1	2
RPS3	142	0	0	1	0	0	0	0	0	1	0	0	1	2	0	0	0	0	0	0	0	0	0	0	1	0	0	0	0	0	0	0	0	0	0
RPS3	143	0	0	0	0	0	0	2	0	0	0	0	2	0	0	0	0	0	0	0	0	0	1	0	1	0	0	0	0	0	0	0	0	0	0
RPS3	144	0	1	0	0	0	0	0	0	0	0	1	0	0	0	1	0	2	0	0	0	1	0	0	0	0	0	0	0	0	1	0	0	0	0
RPS3	145	0	0	1	0	0	0	0	0	1	2	2	6	4	1	2	2	2	1	0	0	3	0	3	0	2	3	0	2	0	0	1	0	0	2
RPS3	146	0	0	1	0	0	0	0	0	0	0	0	1	0	0	1	0	0	0	1	0	0	1	0	0	1	0	0	0	0	0	0	0	0	0
RPS3	147	0	0	4	2	0	2	2	0	1	4	1	6	13	1	1	6	9	6	0	1	6	4	3	0	8	9	0	1	1	1	1	3	5	4
RPS3	148	0	0	0	0	0	0	0	0	0	0	0	0	0	1	1	0	0	0	0	0	1	0	0	0	0	1	0	0	0	0	0	0	0	0
RPS3	149	3	0	6	1	1	1	0	0	2	2	1	7	11	1	5	3	6	2	1	1	6	2	1	2	7	7	2	0	0	1	3	2	1	5
RPS3	150	0	0	0	1	0	0	0	0	0	0	0	0	1	1	0	0	1	0	0	0	0	0	0	0	0	1	0	0	0	0	0	0	0	0
RPS3	151	0	0	0	0	0	0	0	0	0	0	0	1	0	0	0	0	0	0	0	0	0	0	1	0	0	0	0	0	0	0	0	0	0	0
RPS3	152	0	0	0	0	0	0	0	0	0	0	0	1	1	0	0	0	0	0	0	0	0	0	0	0	0	0	0	0	0	0	0	0	0	0
RPS3	153	1	0	0	0	0	1	0	0	0	1	1	0	0	1	3	1	1	1	0	1	0	0	3	0	1	0	0	1	0	0	0	0	0	0
RPS3	154	0	0	0	0	0	0	0	0	0	0	0	0	0	0	0	0	0	0	0	0	0	0	1	0	1	0	0	0	0	0	0	0	0	0
RPS3	155	0	0	2	0	0	0	0	0	0	0	0	2	1	1	0	2	0	0	1	0	1	0	1	0	0	0	2	0	0	0	0	0	0	0
RPS3	156	0	0	0	0	0	0	0	0	0	0	0	0	0	0	0	0	0	0	0	0	0	0	0	0	0	0	0	0	0	0	0	0	0	0
RPS3	157	0	0	0	0	0	0	0	0	1	0	0	0	0	0	0	0	0	0	0	0	1	0	0	0	0	0	0	0	1	0	0	0	0	0
RPS3	158	0	0	0	0	0	0	0	0	0	0	0	1	1	0	0	0	0	0	0	1	0	1	0	0	0	2	0	0	0	0	1	0	0	0
RPS3	159	0	0	0	0	0	0	0	0	0	0	0	0	1	0	0	0	0	0	0	0	0	0	0	0	0	0	0	0	0	0	0	0	0	0
RPS3	160	1	0	1	0	0	0	0	0	1	0	0	0	1	0	0	0	0	0	0	0	2	0	1	0	0	0	0	0	0	0	0	0	0	0
RPS3	161	0	0	0	0	0	0	0	0	0	0	0	1	0	1	2	0	0	0	0	0	0	1	1	0	1	0	0	0	0	0	0	0	0	0
RPS3	162	0	0	0	0	0	0	0	0	0	1	0	0	0	0	0	0	1	0	0	0	0	1	0	0	0	0	0	0	0	0	0	0	0	0
RPS3	163	0	1	0	1	2	1	0	0	0	0	1	0	1	1	1	0	2	0	0	0	1	1	2	0	0	0	3	1	0	0	0	0	0	0
RPS3	164	0	0	0	0	0	0	0	0	0	0	0	0	0	0	0	1	0	1	0	0	1	0	0	0	0	1	1	0	0	0	0	0	0	0
RPS3	165	0	0	3	1	2	0	0	0	1	0	0	2	2	1	2	1	3	0	2	0	1	1	0	0	5	1	1	1	0	1	1	1	4	2
RPS3	166	0	0	1	0	0	0	0	0	0	0	0	0	0	0	0	0	0	0	0	0	0	0	0	0	0	0	1	0	0	0	0	0	0	0
RPS3	167	0	1	1	0	0	0	0	0	0	0	0	0	0	0	0	0	0	0	0	0	0	0	1	0	1	0	0	1	0	0	0	0	0	0
RPS3	168	0	0	1	1	0	0	0	0	1	1	0	1	0	0	1	0	0	0	0	0	1	0	1	1	0	1	0	1	0	0	0	1	0	2
RPS3	169	2	5	25	15	5	4	7	2	7	3	6	18	13	5	10	10	7	4	8	5	15	6	9	2	39	21	19	4	3	8	5	4	10	11
RPS3	170	0	0	0	0	0	0	0	0	0	1	0	0	0	0	0	0	0	0	0	0	0	0	0	1	0	2	0	0	0	0	0	0	0	0
RPS3	171	0	0	0	0	0	0	0	0	0	0	0	0	0	0	0	0	0	0	0	0	0	0	0	0	0	0	0	0	0	0	0	0	0	0
RPS3	172	0	0	0	0	0	0	0	0	0	0	0	1	0	0	0	0	0	0	1	0	0	0	0	0	1	0	1	0	0	0	0	0	0	0
RPS3	173	0	0	0	1	0	0	0	0	0	0	0	0	0	0	0	0	0	0	0	0	0	0	0	0	0	1	0	0	0	1	0	0	0	2
RPS3	174	1	0	5	1	1	1	2	0	1	0	2	2	2	0	5	1	2	1	1	1	2	0	6	2	12	8	4	2	0	3	3	0	3	6
RPS3	175	0	0	0	0	0	0	0	0	0	0	0	0	0	0	0	0	0	0	0	0	0	0	0	0	0	0	0	0	0	0	0	0	0	0
RPS3	176	0	0	0	1	0	0	0	0	0	0	0	0	0	0	0	0	1	0	0	0	0	0	0	0	2	1	0	0	0	0	0	0	0	0
RPS3	177	0	0	0	0	0	0	0	0	0	0	0	0	0	0	0	0	0	0	0	0	0	0	0	0	0	0	1	0	0	0	1	0	0	0
RPS3	178	0	0	0	1	0	0	0	0	0	0	1	0	0	0	0	0	0	0	0	0	0	0	0	0	0	0	0	1	0	0	0	0	0	0
RPS3	179	0	1	4	0	0	0	0	0	0	0	0	2	2	0	0	0	0	1	0	0	0	1	1	0	0	2	0	0	0	1	0	0	2	0
RPS3	180	1	0	1	0	0	0	1	0	0	0	0	1	1	0	0	0	0	0	1	0	0	0	0	0	1	0	2	0	0	0	1	0	0	4
RPS3	181	0	0	0	1	0	0	0	0	0	0	1	1	2	0	1	0	1	0	0	0	4	0	2	1	0	1	2	2	0	0	0	0	0	0
RPS3	182	1	0	1	0	0	0	0	0	0	0	3	0	1	0	0	0	1	0	1	2	0	1	2	0	5	0	2	0	0	1	1	0	0	1
RPS3	183	0	0	0	1	0	0	1	0	0	0	0	2	0	0	0	0	1	0	0	1	2	0	0	1	2	1	1	1	0	0	1	0	0	0
RPS3	184	0	0	2	2	1	1	1	0	0	1	0	2	3	2	2	1	0	0	1	3	1	0	3	2	5	4	2	0	2	3	1	1	1	2
RPS3	185	1	0	6	2	0	0	0	0	1	0	0	3	3	1	2	0	1	0	0	2	5	3	2	0	4	4	2	2	0	4	0	1	1	8
RPS3	186	0	0	2	4	1	0	0	0	1	1	1	2	1	1	0	1	0	1	1	1	0	1	1	1	7	6	1	2	0	2	0	0	3	3
RPS3	187	0	1	74	63	6	6	2	2	10	9	9	22	33	8	17	19	6	11	17	20	14	18	9	5	110	80	47	27	13	23	15	8	32	63
RPS3	188	0	0	0	1	0	0	0	0	0	0	0	0	0	0	1	0	0	0	2	2	0	0	0	0	2	3	0	1	1	3	2	1	0	1
RPS3	189	0	0	2	2	1	0	0	0	0	0	0	0	0	0	3	0	0	0	2	2	0	2	0	1	5	7	3	2	1	0	1	0	7	5
RPS3	190	0	0	7	6	2	1	0	0	2	0	4	5	1	0	3	1	0	2	4	0	2	1	3	0	12	11	5	3	0	5	1	2	5	12
RPS3	191	0	0	1	0	1	0	0	0	0	0	0	0	1	1	0	0	0	1	2	0	1	2	0	0	5	1	0	2	0	0	0	1	0	1
RPS3	192	1	3	24	21	9	5	2	1	1	5	3	9	16	3	7	9	4	5	9	11	8	2	2	1	34	33	26	18	2	11	5	5	17	22
RPS3	193	0	0	1	2	0	0	0	0	1	0	0	0	1	0	0	0	0	0	0	1	0	0	0	0	1	3	0	1	0	0	0	0	1	0
RPS3	194	0	0	0	1	0	0	0	0	0	0	1	0	0	0	0	1	1	0	1	0	1	1	0	0	1	0	1	1	0	1	0	2	0	0
RPS3	195	1	0	0	0	0	0	0	0	0	0	0	0	0	0	0	0	0	0	0	0	0	0	0	0	0	0	0	0	0	0	0	0	0	1
RPS3	196	0	0	0	0	0	0	0	0	0	0	0	1	0	0	0	0	0	0	0	0	0	0	0	0	0	0	0	0	0	0	0	1	0	0
RPS3	197	0	0	2	1	0	0	0	0	0	0	1	1	0	0	0	1	1	0	1	0	0	0	0	0	0	0	1	0	0	2	0	0	0	0
RPS3	198	0	0	0	0	0	0	0	0	0	0	0	0	0	0	0	0	0	0	0	0	1	0	0	0	1	0	1	0	0	0	0	0	0	0
RPS3	199	1	2	2	3	0	0	0	1	0	0	1	1	3	1	0	2	0	1	0	0	2	1	1	0	1	1	1	0	0	3	1	1	0	1
RPS3	200	0	0	0	0	0	0	0	0	0	0	0	0	0	0	0	0	0	0	0	0	0	0	0	0	0	0	0	0	0	0	0	0	0	0
TSA1	1	0	0	0	0	0	0	0	0	0	0	0	0	0	0	0	0	0	0	0	0	0	0	0	0	0	0	0	0	0	0	0	0	0	0
TSA1	2	0	0	0	0	0	0	0	0	0	0	0	0	0	0	0	0	0	0	0	0	0	0	0	0	0	0	0	0	0	0	0	0	0	0
TSA1	3	0	0	0	0	0	0	0	0	0	0	0	0	0	0	0	0	0	0	0	0	0	0	0	0	0	0	0	0	0	0	0	0	0	0
TSA1	4	0	0	0	0	0	0	0	0	0	0	0	0	0	0	0	0	0	0	0	0	0	0	0	0	0	0	0	0	0	0	0	0	0	0
TSA1	5	0	0	0	0	0	0	0	0	0	0	0	0	0	0	0	0	0	0	0	0	0	0	0	0	0	0	0	0	0	0	0	0	0	0
TSA1	6	0	0	0	0	0	0	0	0	0	0	0	0	0	0	0	0	0	0	0	0	0	0	0	0	0	0	0	0	0	0	0	0	0	0
TSA1	7	0	0	0	0	0	0	0	0	0	0	0	0	0	0	0	0	0	0	0	0	0	0	0	0	0	0	0	0	0	0	0	0	0	0
TSA1	8	0	0	0	0	0	0	0	0	0	0	0	0	0	0	0	0	0	0	0	0	0	0	0	0	0	0	0	0	0	0	0	0	0	0
TSA1	9	0	0	0	0	0	0	0	0	0	0	0	0	0	0	0	0	0	0	0	0	0	0	0	0	0	0	0	0	0	0	0	0	0	0
TSA1	10	0	0	0	0	0	0	0	0	0	0	0	0	0	0	0	0	0	0	0	0	0	0	0	0	0	0	0	0	0	0	0	0	0	0
TSA1	11	0	0	0	0	0	0	0	0	0	0	0	0	0	0	0	0	0	0	0	0	0	0	0	0	0	0	0	0	0	0	0	0	0	0
TSA1	12	0	0	0	0	0	0	0	0	0	0	0	0	0	0	0	0	0	0	0	0	0	0	0	0	0	0	0	0	0	0	0	0	0	0
TSA1	13	0	0	0	0	0	0	0	0	0	0	0	0	0	0	0	0	0	0	0	0	0	0	0	0	0	0	0	0	0	0	0	0	0	0
TSA1	14	0	0	0	0	0	0	0	0	0	0	0	0	0	0	0	0	0	0	0	0	0	0	0	0	0	0	0	0	0	0	0	0	0	0
TSA1	15	0	0	0	0	0	0	0	0	0	0	0	0	0	0	0	0	0	0	0	0	0	0	0	0	1	0	0	0	0	0	0	0	0	0
TSA1	16	0	0	0	0	0	0	0	0	0	0	0	0	0	0	0	0	0	0	0	0	0	0	0	0	0	0	0	0	0	0	0	0	0	0
TSA1	17	0	0	0	0	0	0	0	0	0	0	0	0	0	0	0	0	0	0	0	0	0	0	0	0	0	0	0	0	0	0	0	0	0	0
TSA1	18	0	0	0	0	0	0	0	0	0	0	0	0	0	0	0	0	0	0	0	0	0	0	0	0	0	0	0	0	0	0	0	0	0	0
TSA1	19	0	0	0	0	0	0	0	0	0	0	0	0	0	0	0	0	0	0	0	0	0	0	0	0	0	0	0	0	0	0	0	0	0	0
TSA1	20	0	0	0	0	0	0	0	0	0	0	0	0	0	0	0	0	0	0	0	0	0	0	0	0	0	0	0	0	0	0	0	0	0	0
TSA1	21	0	0	0	0	0	0	0	0	0	0	0	0	0	0	0	0	0	0	0	0	0	0	0	0	0	0	0	0	0	0	0	0	0	0
TSA1	22	0	0	0	0	0	0	0	0	0	0	0	0	0	0	0	0	0	0	0	0	0	0	1	0	0	0	0	0	0	0	0	0	0	0
TSA1	23	0	0	0	0	0	0	0	0	0	0	0	0	0	0	0	0	0	0	0	0	0	0	0	0	0	0	0	0	0	0	0	0	0	0
TSA1	24	0	0	0	0	0	0	0	0	0	0	0	0	0	0	0	0	0	0	0	0	0	0	0	0	0	0	0	0	0	0	0	0	0	0
TSA1	25	0	0	0	0	0	0	0	0	0	0	0	0	0	0	0	0	0	0	0	0	0	0	0	0	0	0	0	0	0	0	0	0	0	0
TSA1	26	0	0	0	0	0	0	0	0	0	0	0	0	0	0	0	0	0	0	0	0	0	0	0	0	0	0	0	0	0	0	0	0	0	0
TSA1	27	0	0	0	0	0	0	0	0	0	0	0	0	0	0	0	0	0	0	0	0	0	0	0	0	0	0	0	0	0	0	0	0	0	0
TSA1	28	0	0	0	0	0	0	0	0	0	0	0	0	0	0	0	0	0	0	0	0	0	0	0	0	0	0	0	0	0	0	0	0	0	0
TSA1	29	0	0	0	0	0	0	0	0	0	0	0	0	0	0	0	0	0	0	0	0	0	0	0	0	0	0	0	0	0	0	0	0	0	0
TSA1	30	0	0	0	0	0	0	0	0	0	0	0	0	0	0	0	0	0	0	0	0	0	0	0	0	0	0	0	0	0	0	0	0	0	0
TSA1	31	0	0	0	0	0	0	0	0	0	0	0	0	0	0	0	0	0	0	0	0	0	0	0	0	1	0	0	0	0	0	0	0	0	0
TSA1	32	0	0	0	0	0	0	0	0	0	0	0	0	0	0	0	0	0	0	0	0	0	0	0	0	0	0	0	0	0	0	0	0	0	0
TSA1	33	0	0	0	0	0	0	0	0	0	0	0	0	0	0	0	0	0	0	0	0	0	0	0	0	0	0	0	0	0	0	0	0	0	0
TSA1	34	0	0	0	0	0	0	0	0	0	0	0	0	0	0	0	1	0	0	0	0	0	0	0	0	0	0	0	0	1	0	0	0	0	0
TSA1	35	0	0	0	0	0	0	0	1	0	0	0	0	0	0	1	0	1	0	1	0	2	0	0	0	0	0	0	0	0	0	2	0	0	0
TSA1	36	0	0	0	0	0	0	0	0	0	0	0	0	0	0	0	0	0	0	0	0	0	0	0	0	0	0	0	0	0	0	0	0	0	0
TSA1	37	0	0	0	0	0	0	0	0	0	0	0	0	0	0	0	0	0	0	0	0	0	0	0	0	0	0	0	0	0	0	0	0	0	0
TSA1	38	0	0	0	0	0	0	0	0	0	0	0	0	0	0	0	0	0	0	0	0	0	0	0	0	0	0	0	0	0	0	0	0	0	0
TSA1	39	0	0	0	0	0	0	0	0	0	0	0	0	0	0	0	0	0	0	0	1	0	0	0	0	0	0	0	0	0	0	0	0	0	0
TSA1	40	0	0	0	0	0	0	0	0	0	0	0	0	0	0	0	0	0	0	0	0	1	0	0	0	0	0	0	0	0	0	0	0	0	0
TSA1	41	0	0	0	0	0	0	0	0	0	0	0	0	0	0	0	0	0	0	0	0	1	0	0	0	0	0	0	0	0	0	0	0	0	0
TSA1	42	0	0	0	0	0	0	0	1	0	0	0	1	0	0	0	0	1	0	0	0	0	0	0	0	0	0	0	0	0	0	0	1	0	0
TSA1	43	0	0	0	0	0	0	0	0	0	0	0	0	0	0	0	0	0	0	0	0	0	0	0	0	0	0	0	0	0	0	0	0	0	0
TSA1	44	0	0	0	0	0	0	0	0	0	0	0	0	0	0	0	0	0	0	0	0	0	0	0	0	0	0	0	0	0	0	0	0	0	0
TSA1	45	0	0	0	0	0	0	0	0	0	0	0	0	0	0	0	0	0	0	0	0	0	0	0	0	0	0	0	0	0	0	0	0	0	0
TSA1	46	0	0	0	0	0	0	0	0	0	0	0	0	0	0	0	0	0	0	0	0	0	0	0	0	0	0	0	0	0	0	0	0	0	0
TSA1	47	0	0	0	0	0	0	0	0	0	0	0	0	0	0	0	0	0	0	0	0	0	0	0	0	0	0	0	0	0	0	0	0	0	0
TSA1	48	0	0	0	0	0	0	0	0	0	0	0	0	0	0	0	0	0	0	0	0	0	0	0	0	0	0	0	0	0	0	0	0	0	0
TSA1	49	0	0	0	0	1	0	0	0	0	0	0	0	0	0	0	0	0	1	0	0	0	0	0	0	0	0	0	0	0	0	0	0	0	0
TSA1	50	0	0	0	0	0	0	0	0	0	0	0	0	0	0	0	0	0	0	0	0	0	0	0	0	0	0	0	0	0	0	0	0	0	0
TSA1	51	0	0	0	0	0	0	0	0	0	0	0	0	0	0	0	0	0	0	0	0	0	0	0	0	0	0	0	0	0	0	0	0	0	0
TSA1	52	0	0	0	0	0	0	0	0	0	0	0	0	0	0	0	0	0	0	0	0	0	0	0	0	0	0	0	0	0	0	0	0	0	0
TSA1	53	0	0	0	0	0	0	0	0	0	0	0	0	0	0	0	0	0	0	0	0	0	0	0	0	0	0	0	0	0	1	0	0	0	0
TSA1	54	0	0	0	0	0	0	0	0	0	0	0	0	0	0	0	0	0	0	0	0	0	0	1	0	0	2	0	0	1	0	0	0	0	0
TSA1	55	1	1	0	1	0	0	0	0	0	0	1	1	1	0	0	0	1	0	0	0	2	0	1	3	1	0	0	2	1	2	1	0	0	0
TSA1	56	0	0	0	0	0	0	0	0	0	0	0	0	0	0	0	0	0	0	0	0	0	0	0	0	0	0	0	0	0	0	1	0	0	0
TSA1	57	0	0	0	0	1	0	0	0	0	0	0	0	0	0	1	1	0	0	0	0	0	0	0	1	1	0	0	1	0	0	0	0	1	0
TSA1	58	0	0	0	0	0	0	0	0	0	0	0	0	0	0	0	0	0	0	0	0	0	0	0	0	0	0	0	0	0	0	0	0	0	0
TSA1	59	1	0	0	0	0	0	0	0	1	0	0	0	0	0	0	0	0	0	0	0	0	0	0	0	1	0	0	0	0	1	0	0	0	0
TSA1	60	0	0	0	0	0	0	0	0	0	0	0	0	0	0	0	0	0	1	0	0	0	0	0	0	0	0	0	0	0	0	0	0	0	0
TSA1	61	0	0	0	0	1	0	0	0	0	0	0	0	0	0	0	1	1	0	0	0	0	0	0	0	0	0	0	0	0	0	0	0	0	0
TSA1	62	0	0	0	0	0	0	0	0	0	0	0	0	0	0	0	0	0	0	0	0	0	0	0	0	0	0	0	0	0	0	0	0	0	0
TSA1	63	0	0	0	0	0	0	0	0	0	0	0	0	0	0	0	0	0	0	0	0	0	0	0	0	0	0	0	0	0	0	1	1	0	0
TSA1	64	0	0	1	0	0	0	0	0	0	0	0	0	0	0	0	0	0	0	0	0	0	0	0	0	0	0	0	0	0	0	0	0	0	1
TSA1	65	0	0	0	0	0	0	0	2	0	0	2	0	1	1	0	0	0	0	1	0	0	0	0	0	0	0	0	0	1	0	0	0	0	0
TSA1	66	0	0	0	0	0	0	0	0	0	0	0	0	0	0	0	0	0	0	0	1	0	0	0	0	0	0	0	0	0	0	0	0	0	0
TSA1	67	0	0	0	0	0	0	0	0	0	0	0	0	0	1	0	0	0	1	0	1	0	0	1	0	0	0	0	0	0	0	0	0	0	0
TSA1	68	0	0	0	0	0	0	0	2	0	0	0	0	0	0	0	0	0	0	0	0	0	1	0	0	0	0	0	1	0	0	0	1	0	0
TSA1	69	1	0	0	0	0	0	0	0	0	0	0	0	0	0	0	0	1	0	0	0	0	0	1	0	0	0	0	0	0	1	0	0	0	0
TSA1	70	0	0	0	0	0	0	0	0	0	0	0	0	0	0	0	0	1	0	0	0	0	0	0	0	0	0	0	0	0	0	0	0	0	0
TSA1	71	0	1	0	0	0	0	0	0	0	0	0	0	2	0	0	0	0	0	0	0	1	0	0	1	0	1	1	1	0	0	0	2	0	0
TSA1	72	1	1	0	0	0	0	0	0	0	0	0	0	0	0	0	0	0	0	0	0	1	2	1	0	0	0	0	0	0	0	0	0	0	2
TSA1	73	1	0	1	0	0	0	1	0	1	0	1	1	1	2	1	1	2	0	0	0	0	0	0	0	0	0	0	0	0	0	0	0	0	0
TSA1	74	0	1	0	0	0	0	0	0	0	0	0	0	1	0	0	0	0	2	0	0	0	0	0	0	0	0	0	0	0	0	0	0	0	0
TSA1	75	0	1	3	1	1	1	0	1	2	1	2	3	2	0	2	3	2	1	2	1	2	2	3	1	1	1	2	1	2	0	0	0	0	0
TSA1	76	0	0	0	0	0	0	0	0	0	0	0	0	1	0	0	0	0	0	0	0	0	0	0	0	0	0	0	0	1	0	0	0	0	0
TSA1	77	0	0	0	0	0	0	0	0	0	0	0	0	0	0	0	0	1	0	0	0	0	0	1	0	0	0	0	0	0	0	0	0	0	0
TSA1	78	0	0	0	0	0	0	0	0	0	0	0	0	0	0	0	0	0	0	0	0	0	0	0	0	0	0	0	1	0	0	0	0	0	0
TSA1	79	0	0	0	0	0	0	1	0	0	0	0	0	0	0	1	0	0	0	0	0	0	0	0	0	0	0	0	0	0	0	0	0	0	0
TSA1	80	0	0	0	0	0	0	0	0	0	0	1	0	0	0	0	0	0	0	0	0	0	0	0	0	0	0	0	0	1	0	0	0	0	0
TSA1	81	0	0	0	0	0	0	0	0	0	0	0	0	0	0	0	0	0	0	0	0	0	0	2	0	1	0	1	0	0	1	0	0	1	0
TSA1	82	1	1	3	2	0	1	1	2	1	0	3	1	5	1	1	1	0	3	4	2	6	1	3	2	1	0	1	1	2	1	0	1	0	1
TSA1	83	0	0	0	0	0	0	1	0	0	0	0	0	1	0	0	1	0	1	0	0	4	0	0	0	1	0	0	1	0	1	1	0	0	0
TSA1	84	1	1	1	3	1	1	0	1	0	0	3	0	2	2	1	2	2	2	2	0	4	2	3	1	1	0	1	3	1	1	2	3	1	0
TSA1	85	0	0	0	0	0	0	0	0	0	1	0	3	0	1	1	0	2	2	0	0	1	1	1	0	1	0	0	0	1	0	1	0	0	0
TSA1	86	0	0	0	0	0	0	0	0	1	0	0	0	1	0	0	0	0	0	0	0	0	0	0	0	0	0	0	0	2	0	1	0	1	0
TSA1	87	0	0	0	0	0	0	0	0	0	1	0	0	1	0	0	0	0	0	0	0	1	0	0	0	0	0	0	0	0	0	0	0	0	1
TSA1	88	2	1	0	0	1	0	0	0	0	0	1	0	0	0	1	1	0	0	0	1	3	2	0	0	1	0	1	0	2	0	1	1	0	1
TSA1	89	2	1	3	0	6	1	0	1	1	1	2	8	8	1	9	6	8	2	0	1	5	2	5	2	0	4	4	1	1	4	1	2	1	1
TSA1	90	16	16	14	11	17	20	27	21	12	9	28	48	48	10	24	30	39	23	15	16	36	16	17	16	19	17	15	10	9	20	33	20	18	5
TSA1	91	0	1	1	1	1	1	0	1	0	0	1	1	2	0	0	0	0	2	0	0	1	2	1	0	0	0	0	1	0	0	2	2	0	3
TSA1	92	1	1	1	1	0	3	3	0	1	0	1	4	3	2	1	2	1	4	4	2	7	1	1	3	1	0	2	1	1	1	2	3	3	2
TSA1	93	1	1	3	2	1	2	2	4	0	0	4	6	4	3	4	4	3	2	4	4	6	2	2	2	0	2	3	2	0	3	2	2	1	3
TSA1	94	5	9	14	10	13	13	12	15	9	4	19	27	22	7	19	18	29	14	15	13	28	16	14	7	9	7	11	10	6	9	22	12	4	14
TSA1	95	37	45	45	30	56	53	66	48	24	41	51	120	124	54	76	100	115	65	55	58	145	73	64	41	47	35	38	40	35	65	72	70	34	33
TSA1	96	40	51	71	65	69	92	88	81	51	53	87	167	168	75	108	124	159	85	75	83	207	112	117	51	72	54	63	61	61	94	136	101	38	53
TSA1	97	4	2	5	2	1	2	4	3	2	1	1	10	8	6	3	4	13	2	8	5	6	10	3	1	3	2	1	3	0	6	7	3	2	2
TSA1	98	3	3	3	3	4	8	9	13	7	6	5	12	13	2	8	10	10	2	9	4	11	9	10	6	6	4	1	6	6	6	10	5	1	9
TSA1	99	2	3	9	7	5	8	12	16	9	6	10	30	45	11	29	32	27	25	16	13	79	32	14	15	2	8	6	7	8	8	19	16	4	14
TSA1	100	269	305	292	309	303	350	407	405	273	254	380	870	834	347	509	527	702	450	374	364	908	425	403	279	286	253	274	231	269	371	534	365	204	299
TSA1	101	9	11	6	4	10	13	9	20	12	12	23	26	37	14	35	35	36	17	15	18	54	39	14	13	12	15	4	9	11	23	14	25	5	24
TSA1	102	16	21	14	26	24	24	28	26	19	23	28	73	82	45	66	77	60	40	46	51	108	65	46	22	26	25	20	32	8	43	26	46	18	23
TSA1	103	102	103	116	88	109	116	156	151	119	102	173	392	395	170	252	290	339	213	186	198	576	257	161	95	113	98	84	110	120	182	222	190	96	123
TSA1	104	172	156	152	150	175	234	250	211	151	134	240	523	452	219	272	339	386	229	191	195	522	274	245	139	180	161	144	162	167	244	305	215	99	166
TSA1	105	27	20	29	29	28	25	37	30	50	29	62	111	131	66	124	106	111	62	76	56	184	127	46	37	36	29	25	28	31	47	66	50	14	26
TSA1	106	581	651	612	619	724	821	922	808	547	510	889	2086	1848	862	1139	1274	1497	859	752	813	1929	1061	1017	558	614	543	561	604	573	942	1203	869	364	658
TSA1	107	1	1	7	4	7	4	6	9	4	6	14	30	28	11	25	23	24	9	18	13	33	25	3	13	5	4	4	5	6	19	11	11	4	3
TSA1	108	5	2	3	0	5	4	3	6	3	2	7	14	17	9	16	21	16	14	8	8	25	21	5	13	3	5	6	7	8	12	12	7	0	7
TSA1	109	3	3	4	0	4	3	7	3	2	4	11	13	20	2	9	15	10	6	9	4	21	6	5	7	4	1	4	3	4	6	5	0	0	4
TSA1	110	7	3	4	3	10	6	7	5	7	3	10	17	19	10	9	17	15	7	4	14	29	19	11	10	5	4	1	9	6	13	16	16	2	14
TSA1	111	10	4	6	20	8	12	17	12	12	12	15	49	46	31	34	39	46	15	19	17	47	42	30	18	16	12	7	13	24	22	22	28	5	5
TSA1	112	32	34	35	47	53	65	71	54	33	29	64	139	128	53	65	97	88	50	45	56	147	76	79	35	50	36	41	32	43	60	82	57	19	38
TSA1	113	11	10	6	10	10	9	10	4	6	8	10	20	32	11	14	26	21	12	10	11	36	29	12	10	8	7	5	4	5	10	14	14	4	12
TSA1	114	35	35	41	46	51	59	63	54	32	38	70	149	130	72	60	87	106	48	52	61	139	72	80	51	49	41	40	50	44	69	99	68	30	42
TSA1	115	3	3	1	1	2	1	3	0	2	0	3	4	5	0	3	6	6	0	0	0	5	4	5	2	2	3	2	2	1	5	4	3	0	4
TSA1	116	6	7	6	5	9	6	8	9	5	5	12	16	21	8	10	20	18	9	6	12	21	10	10	7	5	14	10	14	8	22	17	9	9	16
TSA1	117	1	0	0	0	0	0	1	0	0	0	0	3	3	0	0	1	0	0	1	0	4	0	0	0	1	0	0	0	0	0	0	0	2	0
TSA1	118	1	4	2	4	4	5	0	2	1	0	5	9	8	2	6	7	3	4	4	2	14	2	5	1	2	3	0	0	0	2	4	1	2	9
TSA1	119	8	9	3	10	7	7	13	9	6	6	11	23	24	7	12	10	17	6	11	7	22	12	14	4	9	6	5	14	5	8	15	4	9	8
TSA1	120	0	0	0	0	0	0	0	0	0	0	0	1	0	2	1	1	0	1	0	0	2	0	0	0	0	1	0	0	0	0	0	0	0	0
TSA1	121	5	0	3	1	0	3	2	1	0	1	0	3	3	0	4	2	3	1	4	2	5	3	1	3	3	0	1	5	4	1	3	3	0	1
TSA1	122	2	2	0	2	1	0	1	0	1	0	1	2	1	2	1	0	2	0	1	1	2	2	1	0	0	2	0	1	1	1	1	0	0	1
TSA1	123	0	0	2	1	0	0	4	0	0	0	0	1	3	0	0	1	1	1	0	0	3	0	0	0	0	0	0	1	0	0	1	2	1	0
TSA1	124	0	0	0	0	0	0	0	0	0	0	0	0	1	0	0	0	1	0	0	0	0	0	0	0	0	0	0	0	0	0	0	0	0	0
TSA1	125	3	0	2	2	3	2	3	1	3	2	2	6	3	7	1	8	1	5	3	0	6	4	4	2	0	6	1	2	1	2	2	2	0	3
TSA1	126	9	8	3	7	7	8	10	13	5	5	10	19	27	8	12	15	15	11	8	9	18	9	11	5	12	6	9	4	7	12	13	12	3	5
TSA1	127	0	0	0	0	0	0	0	0	0	0	1	0	0	0	0	0	0	0	0	0	1	0	2	0	0	0	0	0	0	0	0	0	0	0
TSA1	128	0	0	0	0	1	0	0	0	1	0	0	1	1	0	0	0	1	1	0	0	1	3	0	0	0	0	0	0	0	0	1	0	0	0
TSA1	129	0	0	0	0	0	2	1	0	0	1	0	1	2	0	1	0	1	1	0	0	0	1	0	0	0	0	0	1	0	3	2	0	0	0
TSA1	130	0	0	0	0	0	0	0	0	0	0	0	0	0	0	0	0	0	0	0	0	0	0	0	0	0	0	0	0	0	0	0	0	0	0
TSA1	131	0	0	0	0	0	0	0	0	0	0	0	0	0	0	0	0	0	0	0	0	0	0	0	0	0	0	0	0	0	0	0	0	0	1
TSA1	132	0	0	0	0	0	0	0	0	0	0	0	0	0	1	0	1	0	0	1	0	1	0	0	0	0	0	0	0	0	0	0	0	1	0
TSA1	133	0	0	1	0	1	1	0	1	0	1	1	0	1	0	1	1	1	0	0	0	0	0	1	0	1	1	0	0	0	0	1	0	0	0
TSA1	134	1	2	2	1	0	5	0	1	1	1	4	3	2	1	3	1	6	0	0	1	1	0	0	1	1	1	1	1	0	4	0	1	2	1
TSA1	135	0	0	0	0	0	0	0	0	0	0	0	1	1	0	0	0	0	0	0	0	0	0	0	0	0	0	0	0	0	0	0	0	0	0
TSA1	136	0	2	0	1	3	1	1	0	0	1	1	2	0	0	2	0	1	0	1	1	0	2	0	0	0	0	1	1	0	1	0	0	0	0
TSA1	137	0	0	1	0	1	0	0	0	0	0	0	2	1	0	0	0	2	0	0	0	3	1	3	0	0	0	0	0	0	0	0	0	0	1
TSA1	138	0	1	0	1	0	0	0	0	0	0	2	0	2	0	0	0	1	1	0	1	0	0	2	0	0	0	0	1	0	0	0	0	0	0
TSA1	139	0	0	0	0	0	0	0	0	0	0	0	0	0	0	0	0	0	0	0	0	0	0	0	0	0	0	0	0	0	0	0	0	0	0
TSA1	140	1	1	0	1	2	0	1	0	0	0	1	2	0	0	1	0	2	0	2	0	1	1	0	2	1	0	0	0	0	0	1	0	0	0
TSA1	141	0	0	0	0	0	0	0	0	0	0	0	0	0	0	0	0	1	0	0	0	0	0	0	0	0	0	0	0	0	0	0	0	0	0
TSA1	142	0	0	0	1	0	1	0	0	0	0	0	0	0	0	0	0	0	0	0	0	2	0	0	0	0	0	0	0	0	0	0	0	2	0
TSA1	143	1	1	0	0	1	0	0	0	2	0	0	0	1	0	0	0	0	0	0	0	0	0	2	0	0	0	0	0	1	0	0	0	0	0
TSA1	144	0	0	0	0	0	0	0	0	0	0	0	0	0	0	0	0	0	0	0	0	0	0	0	0	0	0	0	0	0	0	0	0	0	0
TSA1	145	0	0	0	0	0	0	0	0	0	0	0	0	0	0	0	0	0	0	0	0	0	0	0	0	0	0	0	0	0	0	0	0	0	0
TSA1	146	0	0	1	0	1	0	0	0	0	0	0	0	0	0	0	0	0	0	0	0	0	0	0	0	0	0	0	1	0	2	0	1	0	0
TSA1	147	0	0	0	0	0	0	0	0	0	0	0	0	1	0	1	0	0	1	0	0	0	0	0	0	0	0	0	0	0	0	0	0	0	0
TSA1	148	1	2	0	0	0	1	0	0	0	1	0	2	0	0	1	1	2	0	2	2	2	0	1	1	0	0	1	0	1	0	0	1	0	0
TSA1	149	0	0	0	1	0	0	0	0	0	0	0	0	1	0	0	0	0	0	0	0	0	0	0	0	0	0	0	0	0	0	0	1	0	0
TSA1	150	0	0	0	0	1	2	1	2	0	0	2	2	2	1	1	1	0	0	4	1	4	2	2	0	1	0	0	1	1	0	1	1	1	0
TSA1	151	0	0	1	0	0	0	1	0	1	0	0	0	1	0	0	1	4	1	2	0	0	0	2	1	0	0	0	0	0	0	0	0	2	1
TSA1	152	1	1	0	0	0	1	0	1	0	0	0	0	0	0	1	0	0	0	0	1	0	0	1	0	0	0	0	0	0	0	0	1	0	0
TSA1	153	0	1	0	0	2	0	0	0	0	0	0	0	2	0	0	0	0	0	0	1	4	0	0	0	1	0	1	0	1	0	0	1	0	0
TSA1	154	2	1	0	0	1	1	1	0	0	0	0	3	2	1	2	1	4	1	1	2	5	2	3	0	0	0	2	0	0	2	3	0	0	0
TSA1	155	0	0	0	0	0	0	0	0	0	0	0	0	0	0	0	0	0	0	0	0	0	0	0	0	0	0	0	0	0	0	0	0	0	0
TSA1	156	0	0	0	0	0	0	0	1	0	0	0	0	0	0	0	1	0	0	2	0	1	1	0	0	0	0	0	0	0	0	1	0	0	0
TSA1	157	0	0	1	1	1	0	1	0	0	0	0	2	1	0	2	1	0	1	4	1	2	4	0	0	0	0	1	0	1	3	0	0	1	1
TSA1	158	0	0	0	0	0	0	0	0	0	0	0	0	0	0	0	0	1	0	0	0	0	0	0	0	0	0	0	0	0	0	0	0	0	0
TSA1	159	0	0	0	0	0	0	0	0	0	0	0	0	0	1	0	0	0	0	0	0	0	0	0	0	0	0	0	0	0	0	0	0	0	0
TSA1	160	0	0	1	0	0	2	0	3	0	2	2	1	0	1	1	2	1	1	1	0	0	1	0	0	0	0	1	0	2	0	0	1	0	0
TSA1	161	0	0	0	0	0	0	0	0	0	0	0	1	0	0	0	0	0	0	0	0	0	0	0	0	0	0	0	0	0	0	0	0	0	0
TSA1	162	0	0	0	0	0	0	0	0	0	0	0	0	0	0	0	0	2	0	0	0	0	0	0	0	0	0	0	0	0	0	0	0	0	0
TSA1	163	0	0	1	0	0	0	0	0	0	0	0	0	0	0	0	0	0	0	0	0	0	0	0	0	0	0	1	0	0	0	1	0	0	0
TSA1	164	0	0	0	0	0	0	0	0	0	0	0	0	1	0	0	0	0	0	1	0	1	0	0	0	1	0	0	1	0	1	0	0	0	0
TSA1	165	0	0	1	0	0	0	0	0	0	0	0	0	0	0	0	0	0	0	0	0	0	0	0	0	0	0	0	0	0	0	0	0	0	0
TSA1	166	0	0	0	0	0	0	0	0	0	0	0	1	0	0	0	0	0	0	0	0	0	0	0	0	0	0	0	0	0	0	0	0	0	0
TSA1	167	1	0	0	0	0	0	0	0	0	0	0	0	0	0	0	0	0	0	1	0	0	0	1	1	1	0	0	0	0	0	1	1	0	0
TSA1	168	0	0	0	0	0	0	1	0	0	0	2	0	0	0	0	0	2	1	1	0	0	0	0	1	0	0	0	0	0	1	2	0	0	1
TSA1	169	0	0	1	0	0	0	1	0	0	0	0	0	0	0	0	0	0	0	1	0	0	0	0	0	0	0	0	0	0	0	0	1	0	0
TSA1	170	0	0	0	0	0	0	0	0	0	0	0	0	0	0	0	0	0	0	0	0	0	0	1	0	0	0	0	0	0	0	0	0	0	0
TSA1	171	0	0	2	0	0	0	0	0	0	0	0	0	0	0	0	0	0	0	0	0	0	0	0	0	0	0	0	0	1	0	0	0	0	0
TSA1	172	0	0	0	0	0	0	0	0	0	0	0	0	0	0	0	0	1	0	0	0	0	0	0	0	0	0	0	0	0	0	0	0	0	0
TSA1	173	0	0	0	0	0	0	0	1	0	0	0	0	0	0	0	0	0	0	0	0	0	0	0	0	0	0	1	0	0	0	0	0	0	0
TSA1	174	0	1	0	0	0	0	0	0	0	0	0	0	2	0	0	0	0	0	0	0	0	0	0	0	0	0	0	0	0	1	0	0	0	0
TSA1	175	0	0	0	0	0	0	0	0	0	0	0	0	0	0	0	0	0	0	0	0	0	0	0	0	0	0	0	0	0	0	0	0	0	0
TSA1	176	0	0	0	2	1	0	1	0	0	0	0	2	2	0	0	0	0	0	0	1	1	0	0	0	0	0	0	0	0	0	0	0	0	1
TSA1	177	0	0	0	1	0	0	0	1	1	1	1	2	0	0	2	1	5	0	0	1	1	0	0	0	1	1	0	0	2	0	1	2	2	1
TSA1	178	0	0	0	0	0	0	0	0	0	0	0	0	0	0	0	0	0	0	0	0	0	0	0	0	0	0	0	0	0	0	0	0	0	0
TSA1	179	0	0	0	0	0	0	0	0	0	0	0	0	0	0	0	0	0	0	0	0	0	0	0	0	0	0	0	0	0	0	0	0	0	0
TSA1	180	0	0	0	0	0	0	0	0	0	0	0	0	0	0	0	0	0	0	0	0	0	0	0	0	0	0	0	0	0	0	0	0	0	0
TSA1	181	0	0	0	0	0	0	0	0	0	0	0	0	0	0	0	0	0	0	0	0	0	0	0	0	0	0	0	0	0	0	0	0	0	0
TSA1	182	0	0	0	0	0	0	0	0	0	0	0	0	0	0	0	0	0	0	0	0	0	0	0	0	0	0	0	0	0	0	0	0	0	0
TSA1	183	0	0	0	0	0	0	0	0	0	0	0	0	0	0	0	0	0	0	0	0	0	0	0	0	0	0	0	0	0	0	0	0	0	0
TSA1	184	0	0	0	0	0	0	0	0	0	0	0	0	0	0	0	0	0	0	0	0	0	0	0	0	0	0	0	0	0	0	0	0	0	0
TSA1	185	0	0	0	0	0	0	0	0	0	0	0	0	0	0	0	0	0	0	0	0	0	0	0	0	0	0	0	0	0	0	0	0	0	0
TSA1	186	0	0	0	0	0	0	0	0	0	0	0	0	0	0	0	0	0	0	0	0	0	0	0	0	0	0	0	0	0	0	0	0	0	0
TSA1	187	0	0	0	0	0	0	0	0	0	0	0	0	0	0	0	0	0	0	0	0	0	0	0	0	0	0	0	0	0	0	0	0	0	0
TSA1	188	0	0	0	0	0	0	0	0	0	0	0	0	0	0	0	0	0	0	0	0	0	0	0	0	0	0	0	0	0	0	0	0	0	0
TSA1	189	0	0	0	0	0	0	0	0	0	0	0	0	0	0	0	0	0	0	0	0	0	0	0	0	0	0	0	0	0	0	0	0	0	0
TSA1	190	0	0	0	0	0	0	0	0	0	0	0	0	0	0	0	0	0	0	0	0	0	0	0	0	0	0	0	0	0	0	0	0	0	0
TSA1	191	0	0	0	0	0	0	0	0	0	0	0	0	0	0	0	0	0	0	0	0	0	0	0	0	0	0	0	0	0	0	0	0	0	0
TSA1	192	0	0	0	0	0	0	0	0	0	0	0	0	0	0	0	0	0	0	0	0	0	0	0	0	0	0	0	0	0	0	0	0	0	0
TSA1	193	0	0	0	0	0	0	0	0	0	0	0	0	0	0	0	0	0	0	0	0	0	0	0	0	0	0	0	0	0	0	0	0	0	0
TSA1	194	0	0	0	0	0	0	0	0	0	0	0	0	0	0	0	0	0	0	0	0	0	0	0	0	0	0	0	0	0	0	0	0	0	0
TSA1	195	0	0	0	0	0	0	0	0	0	0	0	0	0	0	0	0	0	0	0	0	0	0	0	0	0	0	0	0	0	0	0	0	0	0
TSA1	196	0	0	0	0	0	0	0	0	0	0	0	0	0	0	0	0	0	0	0	0	0	0	0	0	0	0	0	0	0	0	0	0	0	0
TSA1	197	0	0	0	0	0	0	0	0	0	0	0	0	0	0	0	0	0	0	0	0	0	0	0	0	0	0	0	0	0	0	0	0	0	0
TSA1	198	0	0	0	0	0	0	0	0	0	0	0	0	0	0	0	0	0	0	0	0	0	0	0	0	0	0	0	0	0	0	0	0	0	0
TSA1	199	0	0	0	0	0	0	0	0	0	0	0	0	0	0	0	0	0	0	0	0	0	0	0	0	0	0	0	0	0	0	0	0	0	0
TSA1	200	0	0	0	0	0	0	0	0	0	0	0	0	0	0	0	0	0	0	0	0	0	0	0	0	0	0	0	0	0	0	0	0	0	0
URA3	1	23	23	16	15	31	29	23	32	9	7	4	17	13	9	10	26	NA	NA	32	36	30	19	48	14	15	18	38	22	30	52	41	44	9	10
URA3	2	9	11	7	5	13	9	14	16	2	0	0	3	7	6	2	7	NA	NA	11	13	4	3	16	7	8	11	11	8	11	20	13	13	3	1
URA3	3	350	321	204	259	328	321	346	303	88	69	84	269	258	215	156	178	NA	NA	314	405	228	126	679	163	334	275	520	314	383	669	611	387	105	195
URA3	4	6	2	3	2	9	7	3	6	2	0	0	3	2	1	4	3	NA	NA	4	8	7	2	9	4	9	1	9	5	7	9	7	3	1	1
URA3	5	4	1	2	4	5	3	2	4	1	2	0	4	1	2	2	2	NA	NA	2	6	2	1	8	0	3	6	6	4	6	6	2	2	1	3
URA3	6	9	9	5	3	7	5	2	9	1	0	1	9	2	2	2	3	NA	NA	7	9	5	2	17	2	6	7	13	8	8	4	14	5	3	2
URA3	7	9	12	6	15	16	8	13	10	3	2	2	13	10	8	1	5	NA	NA	14	20	13	8	21	15	12	12	22	15	17	35	19	17	5	3
URA3	8	139	149	100	97	122	127	116	121	35	27	28	91	114	71	51	72	NA	NA	114	148	84	60	322	63	134	116	224	135	171	283	185	183	42	110
URA3	9	70	63	34	41	74	62	68	56	22	16	16	42	57	49	32	35	NA	NA	60	77	53	15	117	37	48	47	110	66	70	163	120	77	24	36
URA3	10	19	13	7	11	16	13	27	17	4	4	6	9	16	5	4	13	NA	NA	27	17	22	8	30	12	22	17	29	14	16	48	30	18	5	13
URA3	11	181	183	129	123	203	191	220	181	41	26	46	135	146	87	75	130	NA	NA	180	217	122	75	352	83	179	141	275	188	205	359	262	217	60	109
URA3	12	54	44	26	21	50	59	49	45	11	11	5	29	23	22	25	20	NA	NA	47	58	28	13	99	27	39	31	59	36	45	88	57	60	25	21
URA3	13	1581	1528	841	1179	1462	1532	1475	1201	294	238	344	910	941	763	545	701	NA	NA	1294	1591	890	503	3106	687	1540	1051	2264	1301	1714	2955	2316	1703	446	1003
URA3	14	433	423	203	266	389	391	378	331	51	37	50	161	190	135	106	144	NA	NA	383	405	195	94	698	139	381	247	553	299	405	851	542	373	104	239
URA3	15	64	68	46	39	78	58	67	68	16	10	20	44	59	42	31	47	NA	NA	76	90	43	30	153	36	75	61	105	69	67	173	104	73	25	32
URA3	16	1927	1768	1021	1354	1633	1753	1811	1467	320	269	387	920	1099	838	629	770	NA	NA	1622	1871	954	489	3822	774	1914	1294	2797	1585	2105	3840	2777	1857	562	1154
URA3	17	71	59	46	39	71	59	66	66	14	8	16	44	35	32	24	31	NA	NA	52	89	32	21	146	35	73	63	118	70	81	195	88	74	25	26
URA3	18	29	36	13	18	35	28	18	36	3	3	7	14	23	19	10	17	NA	NA	27	21	11	9	46	14	26	24	50	30	44	60	45	26	8	13
URA3	19	121	93	61	66	103	78	115	93	27	15	14	67	75	68	54	48	NA	NA	121	138	65	55	192	57	114	104	174	107	125	247	165	168	36	68
URA3	20	36	31	19	25	42	25	37	37	4	7	7	16	29	22	11	16	NA	NA	22	37	20	14	69	23	35	27	70	28	43	90	47	43	15	18
URA3	21	115	75	54	66	88	95	89	83	17	13	12	46	45	41	30	47	NA	NA	79	83	46	25	199	47	101	58	148	95	106	181	146	109	31	61
URA3	22	1610	1585	842	1129	1350	1440	1508	1213	227	182	288	772	795	596	481	607	NA	NA	1345	1511	722	414	3270	758	1750	1119	2360	1346	1794	3338	2484	1545	405	931
URA3	23	2	1	0	0	2	1	1	1	0	0	1	0	0	0	1	2	NA	NA	2	0	2	1	2	0	0	0	2	0	2	4	3	1	0	1
URA3	24	15	15	4	7	16	11	10	13	2	2	2	9	5	4	4	2	NA	NA	14	15	6	9	52	17	22	16	23	14	19	50	28	21	3	10
URA3	25	55	57	28	32	40	57	48	42	7	2	4	26	33	14	11	9	NA	NA	46	57	21	9	170	50	76	57	127	66	85	153	83	79	9	27
URA3	26	0	2	2	2	3	1	3	3	0	0	0	0	2	1	3	1	NA	NA	2	2	1	0	5	3	6	1	8	2	4	13	6	3	0	2
URA3	27	0	0	0	0	0	0	0	0	0	0	0	0	0	0	1	0	NA	NA	0	0	0	0	0	0	0	0	1	0	0	0	0	2	0	0
URA3	28	1	0	1	2	2	0	1	3	0	0	0	0	1	0	0	0	NA	NA	0	1	1	0	2	1	1	1	0	2	0	2	1	0	0	1
URA3	29	39	40	10	28	22	25	46	21	3	1	4	8	12	7	13	11	NA	NA	34	28	10	6	100	31	50	33	79	40	63	106	50	41	7	13
URA3	30	0	0	0	0	0	0	0	0	0	0	0	0	0	0	0	0	NA	NA	0	0	0	0	0	0	0	0	0	0	0	0	0	0	0	0
URA3	31	1	0	0	0	0	0	0	0	0	0	0	0	0	0	0	0	NA	NA	1	0	0	0	1	0	0	2	1	0	0	1	0	0	0	0
URA3	32	0	1	0	1	0	0	0	0	0	0	0	0	0	0	0	0	NA	NA	1	0	1	0	1	0	0	4	0	1	0	1	0	0	0	0
URA3	33	1	0	0	0	0	0	0	1	0	0	0	0	0	0	0	0	NA	NA	0	0	0	0	0	0	0	0	0	0	0	0	1	0	0	0
URA3	34	0	0	0	0	0	0	0	0	1	0	1	0	0	0	0	0	NA	NA	1	0	0	0	0	0	0	0	2	1	1	2	0	0	0	1
URA3	35	6	10	5	3	5	6	10	8	0	1	1	1	4	2	0	2	NA	NA	12	7	1	2	14	0	3	3	11	9	10	15	7	7	1	7
URA3	36	0	1	0	0	0	0	0	0	0	0	0	0	0	0	0	0	NA	NA	0	0	0	0	1	0	0	0	0	0	0	0	0	0	0	0
URA3	37	3	4	0	3	0	0	2	1	0	0	2	0	0	0	1	0	NA	NA	2	0	0	0	5	1	3	2	2	3	5	6	3	4	0	1
URA3	38	0	0	0	0	0	0	1	0	0	0	0	1	0	0	0	0	NA	NA	0	1	0	0	0	0	0	0	0	0	0	0	0	0	0	1
URA3	39	0	0	0	0	0	0	0	0	0	0	0	0	0	0	0	0	NA	NA	0	0	0	1	0	0	0	0	0	0	0	0	0	0	0	0
URA3	40	0	0	0	0	1	0	0	0	0	0	0	0	0	0	0	0	NA	NA	0	0	0	0	0	0	0	0	0	0	0	1	0	0	0	0
URA3	41	0	0	0	0	0	0	0	0	0	0	0	0	0	0	0	0	NA	NA	0	0	0	0	1	0	0	0	0	0	0	0	0	0	0	0
URA3	42	0	0	0	0	0	0	0	1	0	0	0	0	0	0	0	0	NA	NA	0	0	0	0	0	0	0	0	0	0	0	0	0	0	0	0
URA3	43	4	2	5	7	2	6	4	5	0	0	0	1	1	2	1	4	NA	NA	9	7	3	4	6	2	3	3	11	1	5	11	7	12	2	0
URA3	44	0	0	0	0	0	1	0	2	0	0	0	0	1	0	0	0	NA	NA	0	0	0	0	1	1	1	1	1	0	0	1	0	2	0	0
URA3	45	0	0	0	0	0	0	0	0	0	0	0	0	0	0	0	0	NA	NA	0	0	0	0	0	0	0	0	0	0	0	0	0	0	0	0
URA3	46	0	0	0	0	0	0	0	1	0	0	0	0	0	0	0	0	NA	NA	0	0	0	0	0	0	0	0	0	0	0	0	0	0	0	0
URA3	47	0	0	0	0	0	0	0	0	0	0	0	0	0	0	0	0	NA	NA	0	0	0	0	0	0	0	0	0	0	0	0	0	0	0	0
URA3	48	0	0	0	0	0	0	0	0	0	0	0	0	0	0	0	0	NA	NA	0	0	0	0	0	0	0	0	0	0	0	0	0	0	0	0
URA3	49	0	1	0	0	0	0	0	1	0	0	0	0	0	0	0	0	NA	NA	0	0	0	0	0	0	1	0	1	0	0	0	0	0	1	0
URA3	50	0	0	0	0	1	0	0	0	0	0	0	0	0	0	0	0	NA	NA	0	0	0	0	0	0	0	0	0	0	0	0	0	0	0	0
URA3	51	2	0	0	0	0	0	0	0	0	0	0	0	0	0	1	0	NA	NA	0	0	0	0	0	0	0	1	0	0	0	0	0	0	0	0
URA3	52	0	0	0	0	0	0	0	0	0	0	0	0	0	0	0	0	NA	NA	0	1	0	0	0	0	0	0	0	1	0	0	0	0	0	0
URA3	53	0	0	0	0	0	0	0	0	0	0	0	0	0	0	0	0	NA	NA	0	0	0	0	0	0	0	0	0	0	0	0	1	0	0	0
URA3	54	0	0	0	0	0	0	0	0	0	0	0	0	0	0	0	0	NA	NA	0	0	0	0	0	0	0	0	1	0	0	0	0	0	0	0
URA3	55	1	0	0	0	0	0	0	0	0	0	0	1	0	0	0	0	NA	NA	0	0	0	0	0	0	0	0	0	0	0	1	1	0	0	0
URA3	56	3	2	1	0	0	0	3	1	1	0	0	0	0	0	0	0	NA	NA	0	0	3	0	4	0	1	0	0	4	1	0	2	1	0	0
URA3	57	0	0	0	0	0	0	1	0	1	0	0	0	0	0	0	0	NA	NA	0	0	0	0	0	0	0	0	0	0	0	0	0	0	0	0
URA3	58	0	0	0	0	0	1	1	0	0	0	0	0	0	0	0	0	NA	NA	0	0	0	0	0	0	0	0	0	0	0	1	0	0	0	0
URA3	59	0	0	0	0	0	0	1	0	0	0	0	0	0	0	0	0	NA	NA	0	0	0	0	1	0	0	0	0	0	1	1	0	0	0	0
URA3	60	0	0	0	0	2	0	0	0	0	0	0	0	0	0	0	0	NA	NA	0	0	0	0	0	1	0	0	1	0	1	0	0	1	0	0
URA3	61	0	1	0	0	0	0	0	0	0	0	0	0	0	0	0	0	NA	NA	0	0	0	0	0	0	0	0	0	0	0	0	0	0	0	0
URA3	62	0	0	0	0	0	0	0	0	0	0	0	0	0	0	0	0	NA	NA	1	0	4	0	1	0	1	0	0	0	0	2	0	0	0	0
URA3	63	0	0	0	0	0	0	0	0	0	0	0	0	0	0	0	0	NA	NA	0	0	0	0	0	0	0	0	0	0	0	0	0	0	0	0
URA3	64	0	0	0	0	0	1	0	0	0	0	0	0	0	0	0	0	NA	NA	0	0	0	0	0	0	0	0	0	0	0	0	0	0	0	0
URA3	65	0	0	0	0	0	0	0	0	0	0	0	0	0	0	0	0	NA	NA	0	0	0	0	0	0	0	0	0	0	0	1	0	0	0	0
URA3	66	0	0	0	0	0	0	0	0	0	0	0	0	0	0	0	0	NA	NA	0	0	0	0	0	0	0	0	0	0	0	0	1	0	0	0
URA3	67	0	0	0	0	0	0	0	0	0	0	0	0	0	0	0	0	NA	NA	0	0	0	0	0	0	0	0	0	0	0	0	0	0	0	0
URA3	68	0	0	0	0	0	0	0	0	0	0	0	0	0	0	0	0	NA	NA	0	0	0	0	0	0	0	0	0	0	0	0	0	0	0	0
URA3	69	0	0	0	0	0	0	0	1	0	0	0	0	0	0	0	0	NA	NA	0	1	0	0	0	0	0	0	0	0	0	2	0	0	0	0
URA3	70	0	0	0	0	0	0	0	0	0	0	0	0	0	0	0	0	NA	NA	0	0	0	0	0	0	0	0	0	0	0	0	0	0	0	0
URA3	71	0	0	1	0	0	0	0	0	0	0	0	0	0	0	0	0	NA	NA	0	0	0	0	0	0	0	0	0	0	0	0	0	0	0	0
URA3	72	0	0	0	0	0	0	0	0	0	0	0	0	0	0	0	0	NA	NA	0	0	0	0	0	0	0	0	0	0	0	0	1	0	0	0
URA3	73	0	0	0	1	0	0	0	0	0	0	0	0	0	0	0	0	NA	NA	0	0	0	0	0	0	0	0	0	0	0	0	0	0	0	0
URA3	74	0	0	0	0	0	0	0	0	0	0	0	0	0	0	0	0	NA	NA	0	0	0	0	0	0	0	0	0	0	0	0	0	0	0	0
URA3	75	2	0	0	0	1	0	1	0	0	0	0	0	0	0	0	0	NA	NA	0	1	0	0	1	0	0	0	0	0	0	0	0	0	0	0
URA3	76	0	1	0	0	0	0	1	0	0	0	0	1	0	0	0	0	NA	NA	0	0	0	0	0	0	0	0	1	0	0	0	0	0	0	0
URA3	77	1	1	2	1	1	1	4	0	0	0	0	0	1	2	3	0	NA	NA	1	0	0	2	6	0	2	1	2	0	2	2	5	1	2	0
URA3	78	0	0	0	0	0	0	0	1	0	0	0	0	0	0	0	0	NA	NA	0	0	0	0	0	0	0	0	0	0	0	0	0	0	0	0
URA3	79	0	0	0	0	0	0	0	0	0	0	0	0	0	0	0	0	NA	NA	0	0	0	0	0	0	0	0	0	0	0	0	0	0	0	0
URA3	80	0	0	0	0	0	0	0	0	0	0	0	0	0	0	0	0	NA	NA	0	0	0	0	0	0	0	0	0	0	0	0	0	0	0	0
URA3	81	0	0	0	0	0	0	0	0	0	0	0	0	0	0	1	0	NA	NA	0	0	0	0	0	0	0	0	0	0	0	0	0	0	0	0
URA3	82	0	0	0	0	0	0	0	0	0	0	0	0	0	0	0	0	NA	NA	0	0	0	0	0	0	0	0	0	0	0	0	0	0	0	0
URA3	83	1	0	0	0	0	0	1	0	0	0	0	0	0	0	1	0	NA	NA	0	0	0	0	1	1	0	0	0	0	0	0	0	1	0	0
URA3	84	0	0	0	1	0	0	0	0	0	0	0	0	0	0	0	0	NA	NA	0	0	0	0	0	0	0	0	0	0	0	0	0	0	0	0
URA3	85	0	0	0	0	0	0	0	0	0	0	0	0	0	0	0	0	NA	NA	0	0	0	0	0	0	0	0	0	0	0	0	0	0	0	0
URA3	86	0	0	0	0	0	0	0	0	0	0	0	0	0	0	0	0	NA	NA	0	0	0	0	0	0	0	0	0	0	0	0	0	0	0	0
URA3	87	0	0	0	0	0	0	0	0	0	0	0	0	0	0	0	0	NA	NA	0	0	0	0	0	0	0	0	0	0	0	0	0	0	0	0
URA3	88	0	0	0	0	0	0	0	0	0	0	0	0	0	0	0	0	NA	NA	0	0	0	0	0	0	0	0	0	0	0	0	0	0	0	0
URA3	89	0	0	0	0	0	0	0	0	0	0	0	0	0	0	0	0	NA	NA	0	0	0	0	0	0	0	0	1	0	0	0	0	0	0	0
URA3	90	0	0	0	0	0	0	0	0	0	0	0	0	0	0	0	0	NA	NA	0	0	0	0	0	0	0	0	0	0	0	0	0	0	0	0
URA3	91	0	0	0	0	0	0	0	0	0	0	0	0	0	0	0	0	NA	NA	0	0	0	0	0	0	0	0	0	0	0	0	0	0	0	0
URA3	92	0	0	0	0	0	0	0	0	0	0	0	0	0	0	0	0	NA	NA	0	0	0	0	0	0	0	0	0	0	0	0	0	0	0	0
URA3	93	0	0	0	0	0	0	0	0	0	0	0	0	1	0	0	0	NA	NA	0	0	0	0	0	0	0	0	0	0	0	0	0	0	0	0
URA3	94	0	0	0	0	0	0	0	0	0	0	0	0	0	0	0	0	NA	NA	0	0	0	0	0	0	0	0	0	0	0	0	0	0	0	0
URA3	95	0	0	0	0	0	0	0	0	0	0	0	0	0	0	0	0	NA	NA	0	0	0	0	0	0	0	0	0	0	0	0	0	0	0	0
URA3	96	0	0	0	0	0	0	0	0	0	0	0	0	0	0	0	0	NA	NA	0	0	0	0	0	0	0	0	0	0	0	0	0	0	0	0
URA3	97	0	0	0	0	0	0	1	0	0	0	0	0	0	0	0	0	NA	NA	0	0	0	0	0	0	0	0	0	0	0	0	0	0	0	0
URA3	98	0	0	0	0	0	0	0	0	0	0	0	0	1	0	0	0	NA	NA	0	0	0	0	0	0	0	0	0	0	0	0	0	0	0	0
URA3	99	0	0	0	0	0	0	0	0	0	0	0	0	0	0	0	0	NA	NA	0	0	0	0	0	0	0	0	0	0	0	0	0	0	0	0
URA3	100	0	0	0	0	0	0	0	0	0	0	0	0	0	0	0	0	NA	NA	0	0	0	0	0	0	0	0	0	0	0	0	0	0	0	0
URA3	101	0	0	0	0	0	0	0	0	0	0	0	0	0	0	0	0	NA	NA	0	0	0	0	0	0	0	0	0	0	0	0	0	0	0	0
URA3	102	0	0	0	0	0	0	0	0	0	0	0	0	0	0	0	0	NA	NA	0	0	0	0	0	1	0	0	0	0	0	0	0	0	0	0
URA3	103	0	0	0	0	0	0	0	0	0	0	0	0	0	0	0	0	NA	NA	0	0	0	0	0	0	0	0	0	0	0	0	0	0	0	0
URA3	104	0	0	0	0	0	0	0	0	0	0	0	0	0	0	0	0	NA	NA	0	0	0	0	0	0	0	0	1	0	0	0	0	0	0	0
URA3	105	0	0	0	0	0	0	0	0	0	0	0	0	0	0	0	0	NA	NA	0	0	0	0	0	0	0	0	0	0	0	0	0	0	0	0
URA3	106	0	0	0	0	0	0	0	0	0	0	0	0	0	0	0	0	NA	NA	0	0	0	0	0	0	0	0	0	0	0	0	0	0	0	0
URA3	107	0	0	0	0	0	0	0	0	0	0	0	0	0	0	0	0	NA	NA	0	0	0	0	0	0	0	0	0	0	0	0	0	0	0	0
URA3	108	0	0	0	0	0	0	0	0	0	0	0	0	0	0	0	0	NA	NA	0	0	0	0	0	0	0	0	0	0	0	0	0	0	0	0
URA3	109	0	0	0	0	0	0	0	0	0	0	0	0	0	0	0	0	NA	NA	0	0	0	0	0	0	0	0	0	0	0	1	0	0	0	0
URA3	110	0	0	0	0	0	0	0	0	0	0	0	0	0	0	0	0	NA	NA	0	0	0	0	0	0	0	0	0	0	0	0	0	0	0	0
URA3	111	0	0	0	0	0	0	0	0	0	0	0	0	0	0	0	0	NA	NA	1	0	0	0	0	0	0	0	0	0	0	0	0	0	0	0
URA3	112	0	0	0	0	0	0	0	0	0	0	0	0	0	0	0	0	NA	NA	0	0	0	0	0	0	0	0	0	0	0	0	0	0	0	0
URA3	113	0	0	0	0	0	0	0	0	0	0	0	0	0	0	0	0	NA	NA	0	0	0	0	0	0	0	0	0	0	0	0	0	0	0	0
URA3	114	0	0	0	0	0	0	0	0	0	0	0	0	0	0	0	0	NA	NA	0	0	0	0	0	0	0	0	0	0	0	0	0	0	0	0
URA3	115	0	0	0	0	0	0	0	0	0	0	0	0	0	0	0	0	NA	NA	0	0	0	0	0	0	0	0	0	0	0	0	0	0	0	0
URA3	116	0	0	0	0	0	0	0	0	0	0	0	0	0	0	0	0	NA	NA	0	1	0	0	0	0	0	0	0	0	0	0	0	0	0	0
URA3	117	0	0	0	0	1	0	1	0	0	0	0	0	0	0	0	0	NA	NA	0	0	0	0	0	0	0	0	0	0	0	0	0	0	0	0
URA3	118	0	0	0	0	1	0	0	0	0	0	0	0	0	0	0	0	NA	NA	0	0	0	0	0	0	0	0	0	0	0	0	0	0	0	0
URA3	119	4	0	1	2	5	2	1	0	2	1	1	0	1	0	0	1	NA	NA	2	1	1	2	7	0	8	2	5	1	0	9	4	0	1	0
URA3	120	0	0	0	0	0	0	0	0	0	0	0	0	0	0	0	0	NA	NA	0	0	0	0	0	0	0	0	0	0	0	0	0	0	1	0
URA3	121	0	0	0	0	0	0	0	0	0	0	0	0	0	0	0	0	NA	NA	0	0	0	0	0	0	1	0	0	0	1	0	0	0	0	0
URA3	122	0	0	0	0	0	0	0	0	0	0	0	0	0	0	0	0	NA	NA	0	1	0	0	0	0	0	1	1	0	0	1	0	0	0	0
URA3	123	0	1	0	1	0	0	1	0	0	1	0	0	0	1	0	0	NA	NA	0	0	0	0	1	1	1	1	1	1	1	2	0	0	0	0
URA3	124	0	0	0	0	0	0	0	0	0	0	0	0	0	0	0	0	NA	NA	0	0	0	0	0	0	1	0	0	0	0	2	0	0	1	0
URA3	125	2	6	3	0	2	3	3	1	1	0	0	1	0	1	2	0	NA	NA	3	3	0	0	5	3	3	3	5	2	2	5	0	1	4	1
URA3	126	0	0	0	0	0	0	0	0	0	0	0	0	0	0	0	0	NA	NA	0	0	0	0	0	0	0	0	0	0	0	0	0	0	0	0
URA3	127	0	0	0	0	0	0	0	0	0	0	0	0	0	0	0	0	NA	NA	0	1	0	0	0	0	0	0	0	1	0	1	0	0	0	0
URA3	128	0	0	0	0	0	0	0	0	0	0	0	0	0	0	0	0	NA	NA	0	0	0	0	0	0	0	0	0	0	0	1	0	0	0	0
URA3	129	0	0	0	0	0	0	0	0	0	0	0	1	0	0	0	0	NA	NA	0	0	0	0	0	0	0	0	0	0	0	1	0	0	0	0
URA3	130	0	0	0	0	0	0	0	0	0	0	0	0	0	0	0	0	NA	NA	0	0	0	0	0	0	0	0	0	0	0	0	0	0	0	0
URA3	131	0	0	0	0	0	0	0	0	0	0	0	0	0	0	0	0	NA	NA	0	0	0	0	0	0	0	0	0	0	0	0	0	0	0	0
URA3	132	0	0	0	0	0	0	0	0	0	0	0	0	0	0	0	0	NA	NA	0	0	0	0	0	0	0	0	0	0	0	0	0	0	0	0
URA3	133	0	0	0	0	0	0	0	0	0	0	0	0	0	0	0	0	NA	NA	0	0	0	0	0	0	0	0	0	0	0	0	0	0	0	0
URA3	134	0	0	0	0	0	0	1	0	0	0	0	0	0	0	1	0	NA	NA	0	0	0	0	0	0	0	0	0	0	0	0	0	0	0	0
URA3	135	1	0	0	0	0	0	0	0	0	0	0	0	0	0	0	0	NA	NA	0	0	0	0	1	0	0	0	0	1	1	0	1	0	0	0
URA3	136	0	0	0	0	0	0	0	0	0	0	0	0	0	0	0	0	NA	NA	0	0	0	0	0	0	0	1	0	0	0	1	0	0	0	0
URA3	137	0	0	0	0	1	0	0	0	0	0	0	0	0	0	0	0	NA	NA	0	0	0	0	0	1	0	0	0	1	0	0	0	0	0	0
URA3	138	0	1	0	1	0	0	0	0	0	0	0	0	0	0	0	0	NA	NA	0	0	0	0	0	0	0	0	0	0	0	1	0	0	0	0
URA3	139	1	0	0	0	1	0	1	0	0	0	0	0	0	0	0	0	NA	NA	0	0	0	0	0	0	0	0	2	0	1	0	0	0	0	0
URA3	140	0	0	0	0	0	0	0	0	0	0	0	0	0	1	0	0	NA	NA	0	0	0	0	0	1	0	0	0	0	1	0	0	0	1	0
URA3	141	1	0	1	0	0	0	1	1	0	0	0	0	0	0	0	0	NA	NA	0	0	0	0	1	0	0	0	1	0	0	1	1	0	0	0
URA3	142	0	0	0	0	0	0	0	0	0	0	0	0	0	0	0	0	NA	NA	0	0	0	0	0	1	1	0	0	0	0	0	0	0	0	0
URA3	143	0	0	0	0	0	0	0	0	0	0	0	0	0	0	0	0	NA	NA	0	0	0	0	0	0	0	0	0	0	1	0	0	0	0	0
URA3	144	0	0	0	0	0	2	1	0	0	0	0	0	0	0	0	0	NA	NA	0	0	0	1	0	0	0	0	0	0	1	0	0	0	0	0
URA3	145	0	0	0	0	0	0	0	0	0	0	0	0	0	0	0	0	NA	NA	0	0	0	0	0	0	0	1	1	0	0	0	0	0	0	0
URA3	146	0	1	0	0	0	0	0	0	0	0	0	0	0	0	0	0	NA	NA	0	1	0	0	0	0	0	0	0	0	0	0	0	0	0	0
URA3	147	0	0	1	0	0	1	1	0	0	0	0	0	0	0	0	0	NA	NA	0	0	0	0	0	0	0	0	0	0	0	0	0	0	0	0
URA3	148	0	0	0	1	0	0	0	0	0	0	0	0	0	0	0	0	NA	NA	0	0	0	0	0	0	0	0	0	0	1	0	0	0	0	0
URA3	149	0	0	0	0	0	0	0	0	0	0	0	0	0	0	0	0	NA	NA	0	0	0	0	0	1	0	0	0	0	0	0	1	0	0	0
URA3	150	0	0	0	0	0	0	0	0	0	0	0	0	0	0	0	0	NA	NA	0	0	0	0	0	1	1	0	0	0	0	0	0	0	0	0
URA3	151	0	0	0	0	0	0	0	0	0	0	0	0	0	1	0	0	NA	NA	0	0	0	0	0	0	0	0	2	0	0	0	0	0	0	0
URA3	152	0	0	0	0	0	0	0	0	0	0	0	0	0	0	0	0	NA	NA	0	0	0	0	0	1	0	0	0	0	0	0	0	0	0	0
URA3	153	0	0	0	0	0	0	0	1	0	0	0	0	0	0	0	0	NA	NA	0	0	0	0	0	0	0	0	0	0	0	0	0	0	0	0
URA3	154	0	0	0	0	0	0	0	0	0	0	0	0	0	0	0	0	NA	NA	0	0	0	0	0	0	0	0	0	0	0	0	0	0	0	0
URA3	155	0	0	1	1	0	0	0	0	0	0	0	0	0	0	0	0	NA	NA	0	0	0	0	0	0	0	0	0	0	0	0	1	0	0	0
URA3	156	1	0	1	0	0	0	0	0	0	0	0	0	1	0	0	0	NA	NA	0	0	0	0	0	0	0	1	0	0	0	0	0	0	0	0
URA3	157	0	0	0	0	0	1	0	0	0	0	0	0	0	0	0	0	NA	NA	0	0	0	0	0	0	0	0	0	0	0	0	0	0	0	0
URA3	158	0	0	0	0	0	0	0	0	0	0	0	0	0	0	0	0	NA	NA	0	0	0	0	0	0	0	0	1	0	0	0	0	0	0	1
URA3	159	0	0	0	1	0	0	0	0	0	0	0	0	0	0	0	0	NA	NA	0	0	0	0	0	0	0	0	0	0	0	0	0	0	0	0
URA3	160	0	0	0	0	0	0	0	0	0	0	0	0	0	0	0	0	NA	NA	0	0	0	0	0	1	0	0	0	0	0	0	0	0	0	0
URA3	161	1	1	0	0	1	0	1	0	0	0	0	0	0	0	1	0	NA	NA	1	0	0	0	1	0	1	0	2	0	0	2	0	1	0	0
URA3	162	0	0	0	0	0	0	0	0	0	0	0	0	0	0	0	0	NA	NA	0	0	0	0	0	0	0	0	0	0	0	1	0	0	0	0
URA3	163	9	12	6	5	9	7	10	10	3	3	1	4	10	4	5	8	NA	NA	5	9	3	2	16	7	13	6	14	6	15	14	13	4	2	2
URA3	164	0	0	0	0	0	1	0	1	0	0	0	0	0	0	0	0	NA	NA	0	0	0	1	1	0	0	0	0	0	0	0	0	1	0	0
URA3	165	0	2	0	0	0	0	0	0	0	0	0	0	0	0	2	0	NA	NA	0	0	0	1	1	0	1	0	0	0	0	0	0	0	1	0
URA3	166	0	0	0	0	0	0	0	0	0	0	0	0	0	0	0	0	NA	NA	0	0	0	0	1	0	0	0	0	0	0	0	0	0	0	0
URA3	167	0	0	0	0	0	0	0	0	0	0	0	0	0	0	0	0	NA	NA	0	0	0	0	0	0	0	0	0	0	0	0	0	0	0	0
URA3	168	0	0	0	0	0	0	0	0	0	0	0	0	0	0	0	0	NA	NA	0	0	0	0	0	0	0	0	0	0	0	0	0	0	0	0
URA3	169	0	0	0	0	0	0	0	0	0	0	0	0	0	0	0	0	NA	NA	0	0	0	0	0	0	0	0	0	0	0	0	0	0	0	0
URA3	170	0	0	0	0	0	0	0	0	0	0	0	0	0	0	0	0	NA	NA	0	0	0	0	0	0	0	0	0	0	0	0	0	0	0	0
URA3	171	0	0	0	0	0	0	0	0	0	0	0	0	0	0	0	0	NA	NA	0	0	0	0	0	0	0	0	1	0	0	1	0	0	0	0
URA3	172	0	0	0	0	0	0	0	0	0	0	0	0	0	0	0	0	NA	NA	0	0	0	0	0	0	0	0	0	0	0	0	0	0	0	0
URA3	173	0	0	0	0	0	0	0	0	0	0	0	0	0	0	0	0	NA	NA	0	0	0	0	0	0	0	0	0	0	0	0	0	0	0	0
URA3	174	0	0	0	0	0	0	0	0	0	0	0	0	0	0	0	0	NA	NA	0	0	0	0	0	0	0	0	0	0	0	0	0	0	0	0
URA3	175	0	0	0	0	0	0	0	0	0	0	0	0	0	0	0	0	NA	NA	0	0	0	0	0	0	1	0	0	0	0	0	0	0	0	0
URA3	176	0	1	0	0	0	0	0	0	0	0	0	0	0	0	0	0	NA	NA	0	0	0	0	0	0	0	0	0	0	0	0	0	0	0	0
URA3	177	1	0	3	0	0	0	0	0	0	0	0	0	1	0	0	0	NA	NA	0	0	0	0	1	0	0	1	0	0	2	1	0	0	2	0
URA3	178	0	0	0	0	0	0	0	0	0	0	0	0	0	0	0	0	NA	NA	0	0	0	0	0	0	0	0	0	0	0	0	0	0	0	0
URA3	179	0	0	0	0	0	0	0	0	0	0	0	0	0	0	0	0	NA	NA	0	0	0	0	0	0	0	0	0	0	0	0	0	0	0	0
URA3	180	0	0	0	0	0	0	0	0	0	0	0	0	0	0	0	0	NA	NA	0	0	0	0	0	0	0	0	1	0	0	0	0	0	0	0
URA3	181	0	0	0	0	0	0	0	0	0	0	0	0	0	0	0	0	NA	NA	0	0	0	0	0	0	0	0	0	0	0	0	0	0	0	0
URA3	182	1	0	0	0	0	0	0	0	0	0	0	0	0	0	0	0	NA	NA	0	0	0	0	0	0	0	0	0	0	0	0	0	0	0	0
URA3	183	0	0	0	0	0	0	0	0	0	0	0	0	0	0	0	0	NA	NA	0	0	0	0	0	0	0	0	0	0	0	1	0	0	0	0
URA3	184	0	0	0	0	0	0	0	0	0	0	0	0	0	0	0	0	NA	NA	0	0	0	0	0	0	0	0	0	0	0	0	0	0	0	0
URA3	185	1	0	0	0	0	0	0	0	0	0	0	0	0	0	0	0	NA	NA	0	1	0	0	0	0	0	0	1	1	0	0	0	0	0	0
URA3	186	0	0	0	0	0	0	0	0	0	0	0	0	0	0	0	0	NA	NA	0	0	0	0	1	0	0	0	0	0	0	0	0	0	0	0
URA3	187	0	0	0	0	0	0	0	0	0	0	0	0	1	0	0	0	NA	NA	0	0	0	0	0	0	0	0	1	0	0	0	1	0	0	0
URA3	188	0	0	0	0	0	0	0	0	0	0	0	0	0	0	0	0	NA	NA	0	0	0	0	0	0	0	0	0	0	0	0	0	0	0	0
URA3	189	0	0	0	0	0	0	0	0	0	0	0	0	0	0	0	0	NA	NA	0	0	0	0	0	0	0	0	0	0	0	0	0	0	0	0
URA3	190	0	0	0	0	0	0	0	0	0	0	0	0	0	0	0	0	NA	NA	0	0	0	0	0	0	0	0	1	0	0	0	0	1	0	0
URA3	191	0	0	0	0	0	0	0	0	0	0	0	0	0	0	0	0	NA	NA	0	0	0	0	0	0	0	0	0	0	0	0	0	0	0	0
URA3	192	0	1	0	0	0	1	0	0	0	0	0	0	0	0	0	0	NA	NA	0	0	0	0	1	1	1	1	0	0	0	0	0	0	0	0
URA3	193	0	0	0	0	0	0	0	0	0	0	0	0	0	0	0	0	NA	NA	0	0	0	0	0	0	0	0	0	0	0	0	0	0	0	0
URA3	194	0	0	0	0	0	0	0	0	0	0	0	1	0	0	0	0	NA	NA	0	0	0	0	0	0	0	0	0	0	0	1	0	0	0	0
URA3	195	0	0	0	0	0	0	0	0	0	0	0	0	0	0	0	0	NA	NA	0	0	0	0	0	0	0	0	0	0	0	0	0	0	0	0
URA3	196	0	0	0	0	0	0	0	0	0	0	0	0	0	0	0	0	NA	NA	0	0	0	0	0	0	0	0	0	0	0	1	0	0	0	0
URA3	197	0	0	0	0	0	0	0	0	0	0	0	0	0	0	0	0	NA	NA	0	0	0	0	1	0	0	0	0	0	0	0	0	0	0	0
URA3	198	0	0	0	0	0	0	0	0	0	0	0	0	0	0	0	0	NA	NA	0	0	0	0	0	0	0	0	0	0	0	0	0	0	0	0
URA3	199	0	0	0	0	0	0	0	0	0	0	0	0	0	0	0	0	NA	NA	0	0	0	0	0	0	0	0	0	0	0	0	0	0	0	0
URA3	200	0	0	0	0	0	0	0	0	0	0	0	0	0	0	0	0	NA	NA	0	0	0	0	0	0	0	0	0	0	0	0	0	0	0	0
